FEN,Movimientos
2kRr3/2p3p1/2P1b1Np/1rn5/8/5P2/1B4PP/R5K1 b - - 1 27,e8d8 a1a8 b5b8 g6e7
3r2k1/5p1p/pQ4p1/1p2n3/8/1Nb5/P4PPP/5qK1 w - - 0 30,g1f1 d8d1 f1e2 d1e1
2r5/2p2R2/p2p3p/1p1P3k/1P2r1nP/6P1/1P6/5RK1 b - - 3 34,e4b4 f1f5 h5g6 h4h5
7k/p5pp/2p5/4PQ2/1p2P1P1/3r3K/PPq5/3RR3 w - - 1 35,h3h4 c2h2 h4g5 h2h6
2k5/B1p2ppp/6r1/3P1q2/1QP1p3/7P/5PK1/R3R3 w - - 1 30,g2f1 f5h3 f1e2 h3d3
r1bq2kr/pppnb1pp/5B2/4N3/4P3/8/PPP2PPP/RN1QK2R b KQ - 0 9,e7f6 d1d5 g8f8 d5f7
2Q5/p2n1pkp/6p1/8/1P1pNq1r/P7/R2R2P1/5K2 w - - 2 34,e4f2 h4h1 f1e2 f4e3
1k5r/pp2R3/2p5/2Pp4/1P4B1/8/P6p/6bK b - - 3 36,h8h4 e7e8 b8c7 e8c8
2r2r1k/pp4p1/3Q3p/3pB3/4b3/5N2/PP3qPP/R6K b - - 3 28,e4f3 d6h6 h8g8 h6g7
r3r1k1/5Rp1/p5Q1/4b3/P4p2/1nN1P3/6PP/6K1 w - - 0 32,e3f4 e5d4 g1f1 b3d2
4r1k1/4qppp/8/pp1BB3/3Q1P2/1P6/2r3PP/3R2K1 w - - 1 29,e5d6 e7e1 d1e1 e8e1
r3kb1r/5ppp/n1qp4/4p1B1/1p2B3/1Q4P1/PPP2P1P/3R1RK1 b kq - 0 17,c6e4 b3a4 e4c6 a4c6
8/R2n2R1/5p1k/1pB2b2/8/Q7/2Pq4/1K6 w - - 0 51,g7d7 d2c2 b1a1 c2b1
8/R5R1/6p1/P1K2p2/4r1kP/6P1/2r5/8 w - - 4 48,c5b6 e4b4 b6a6 c2c6
3Q2kr/4r1pp/b1p3q1/8/5R2/8/PpP2PPP/4R1K1 b - - 1 22,g6e8 d8e8 e7e8 e1e8
r2qk2r/1p2ppbp/2n5/p2pN3/3PpP2/P3P3/1P4PP/R1BQ1RK1 b kq - 1 13,f7f6 d1h5 e8f8 h5f7
8/3pkp2/p1b1p3/P5q1/1p1P4/6Pr/1P2QP1K/R4R2 w - - 0 26,h2h3 g5h6 e2h5 h6h5
2kr4/1p6/p1b2R2/Q3pP2/8/P2q3P/1P4P1/1R5K w - - 0 37,a5e1 d3h3 h1g1 h3g2
3r2k1/R1Q4p/5p2/2Pp4/3Pq3/3b1N2/5P2/4K3 w - - 4 38,e1d1 e4e2 d1c1 e2c2
4k3/4P2p/b2P4/p2P3n/8/2p5/P7/5RK1 b - - 0 39,h5g7 f1f8 e8d7 f8d8
4r1k1/1p1q2p1/p1p4p/2Pr2PQ/5p1P/4pP2/1P6/R4RK1 b - - 0 31,d7h3 h5e8 g8h7 g5g6
r1b3k1/pp3ppp/nbpp1q2/7r/4P3/1NN2P2/PPP1B1PP/R2Q1R1K w - - 0 14,f3f4 h5h2 h1h2 f6h4
6k1/1p2b1p1/2nqP3/p2p1QBN/1P1P2P1/P7/8/7K b - - 0 39,e7g5 f5f7 g8h8 f7g7
r4k1r/pp1R4/5p2/4p3/2PR2Q1/5KPq/P1P2P2/8 b - - 0 34,e5d4 g4g7 f8e8 g7e7
2Nr2k1/3b1ppp/p2B4/3p4/QP1q2n1/P1R5/5PPP/4R1K1 w - - 2 25,a4d7 d4f2 g1h1 f2e1
2r2r2/p3Nppk/3p4/3P4/5R2/2P3Pp/P5bP/5RK1 b - - 4 31,h7h6 f4h4 h6g5 f1f5
r1bk4/1p3Q2/p2p4/4p1q1/2BNP1p1/4b1P1/PP4Pr/R2R3K w - - 0 25,h1h2 g5h6 f7h5 h6h5
2k3r1/pbp5/1p1pR3/5p1n/3P1P2/2NB3P/PPP4K/5R2 w - - 3 25,d3f5 g8g2 h2h1 h5g3
6k1/6r1/7R/1pb2B2/8/5Q2/6P1/4q2K w - - 1 47,h1h2 e1g1 h2h3 g1h1
r4rk1/5pp1/p2N3p/1p6/n3PPP1/q1P5/P1PQ2BP/1K1R3R w - - 5 20,d2c1 a4c3 b1a1 a3a2
5rk1/1pp3p1/7p/2P2q2/3p4/3P2Pb/6rP/R2QR1KB w - - 4 27,h1g2 f5f2 g1h1 h3g2
6k1/6p1/Q2p1p1p/2p5/P1P5/1P2r3/4qPPP/R3b1K1 w - - 0 28,f2e3 e2f2 g1h1 f2f1
r2q1k1r/p1p2ppp/3b4/4p3/4Qn2/2P2P2/PP1P1P1P/RNB2RK1 w - - 3 13,d2d4 d8g5 g1h1 g5g2
2r3kB/p3R2p/1n4q1/3pQpp1/1ppP4/8/PP3PPP/6K1 b - - 9 41,c4c3 e7g7 g6g7 e5g7
5rk1/p5p1/2b3Q1/5p2/2q5/8/P4RPP/5R1K w - - 8 32,f2f5 c4f1 f5f1 f8f1
r1b3k1/ppq2r1p/4pPp1/4P3/3P1B1Q/P2p4/1P3P2/2KR3R w - - 0 23,c1d2 c7c2 d2e3 c2e2
2q3k1/1b2bpp1/1p2p2p/3p4/p2P1P2/4P1P1/PPQ2KPN/1B6 b - - 1 24,a4a3 c2h7 g8f8 h7h8
6k1/5ppp/1p2p3/bPqpPn2/5Q2/5N2/2r2PPP/R4RK1 w - - 0 27,f1c1 c5f2 g1h1 f2g2
5k1r/p2q1pp1/3P2n1/7p/4Q3/8/5PPP/4R1K1 b - - 1 28,h8h6 e4a8 d7c8 a8c8
1r3rk1/6pp/p2P2n1/2p5/q4P2/N3PQ1P/pP6/1K1R3R w - - 0 28,b1a2 a4b3 a2a1 b3b2
3q2rk/1p3p1p/p3bp2/3p1N2/3P2PQ/1P2P2P/1Pr5/R4RK1 b - - 0 20,d8c7 h4f6 g8g7 f6g7
8/8/8/2PP4/5k1K/5P2/P5R1/3r4 w - - 1 48,c5c6 d1h1 g2h2 h1h2
r7/2np4/3p4/N2n3p/8/P7/1Rk2KPP/B7 b - - 6 37,c2c1 a5b3 c1d1 b2d2
r1bq1kn1/ppN3b1/3p1p2/5ppQ/5B2/8/PPP2PPP/2K1R3 b - - 3 23,g5f4 e1e8 d8e8 h5e8
r1bqr1k1/ppp2p1p/2n4Q/6N1/6P1/2b4P/P3BP2/R4K1R b - - 1 16,c3a1 h6h7 g8f8 h7f7
rn1qkbnr/1pp3pp/3p1p2/p3N3/2B1PPb1/2N5/PPPP2PP/R1BQK2R b KQkq - 0 6,g4d1 c4f7 e8e7 c3d5
r1b3k1/ppp1br2/2n2p1B/4p2Q/7P/2Pq4/PP3PP1/RN4KR b - - 1 16,f7h7 h5e8 e7f8 e8f8
r5k1/p1p3pp/2pb4/8/4p3/2N1QbqP/PPP2RN1/R5K1 w - - 2 23,c3e4 g3h2 g1f1 h2h1
6k1/1p5p/3p2p1/3P1Bq1/1PPb4/2r1r1Nb/5QPP/3R1R1K b - - 0 27,e3g3 f5e6 h3e6 f2f8
6rk/p5rb/5pBQ/5P2/8/P2P2R1/1P2pqPP/4R2K w - - 3 31,h6d2 f2f1 e1f1 e2f1q
1r1k3r/p1p1bQpp/1p1p4/1BnP2q1/8/8/PPP2PPP/1K1RR3 b - - 2 19,h8f8 f7f8 e7f8 e1e8
4r2k/pp2Pr2/2p5/2P5/1P4K1/P7/8/3RR3 w - - 1 39,d1d7 e8g8 g4h5 f7h7
2r3r1/p1BR1Qpk/7p/2b1NP2/8/7K/6PP/4q3 b - - 2 33,c8c7 f7g6 h7h8 e5f7
3qrrk1/ppp2pp1/2np1n1p/3NP3/5P2/P2Q4/1PB3PP/R4RK1 b - - 0 18,d6e5 d5f6 g7f6 d3h7
3kr3/2p4p/2P2p2/4Npq1/1P2Pb2/3Q3b/4R1PP/6K1 b - - 1 37,d8e7 d3d7 e7f8 d7f7
r3k1Q1/pb3p2/1pnRp3/7r/2q4p/2N2N2/PP3PPP/2KR4 b q - 4 21,e8e7 d6d7 e7f6 d7f7
r2q1k1r/2p3p1/p2b3p/P2p1bBQ/B2P4/2P5/5PPP/R3R1K1 b - - 0 22,d8g5 e1e8 a8e8 h5e8
6k1/5ppp/4p3/8/1P1q4/P3rP1b/Q3B2P/5R1K w - - 4 28,f1d1 d4d1 e2d1 e3e1
1R6/3N2pk/5p2/1p1p1b1p/4n2K/4P2P/1B6/8 w - - 1 34,d7e5 g7g5 h4h5 e4g3
2Q3r1/p1p2kr1/2N1p2p/3qNn2/1b1P4/8/P4RPP/5RK1 b - - 9 30,f7f6 f2f5 e6f5 c8f5
8/8/3N4/1pp5/8/PkP1R3/1P4r1/1K6 w - - 3 40,d6b5 g2g1 e3e1 g1e1
6k1/p2p3p/1pb1p1p1/2q5/4P3/P1NP2Q1/1r4PP/5R1K b - - 1 26,c5c3 g3b8 g8g7 b8f8
r5rk/B4p1p/5PnQ/3qpR2/3P2P1/2p4P/P3R3/6K1 b - - 3 33,a8a7 h6h7 h8h7 f5h5
8/5R1p/1p4p1/1P2bkB1/5p1P/8/3p1PPK/2r5 b - - 1 37,f5g4 f2f3 g4h5 f7h7
r4r1k/p1p4p/8/4N3/1PQ1Pn2/2R2n1b/5q1P/1R2N2K w - - 0 30,c3f3 h3g2 e1g2 f2g2
6k1/6p1/p3p1Np/2p4P/3pq3/P5Q1/7K/8 b - - 1 41,d4d3 g3b8 g8f7 b8f8
2r3k1/p2Q1pp1/1q5p/1p6/4n2B/PB6/2P2bPP/R3N1K1 w - - 0 25,h4f2 b6f2 g1h1 f2f1
r4k1Q/r2npp2/1q1p1bp1/1p6/3N1P2/1P2P1P1/1BP5/1K1R3R b - - 6 23,f6h8 h1h8 f8g7 d4e6
r1bq2k1/6pp/p2pp3/1pp5/4Pn2/PPNQ1P2/2P2P1P/3R1RK1 w - - 0 18,d3e3 d8g5 g1h1 g5g2
6r1/3nqk2/4p3/P2p1prp/3P4/2P2P2/1P1NQP2/R5RK w - - 0 27,f3f4 g5g1 a1g1 e7h4
2r5/5k2/P6Q/7p/1P1n4/P6P/1r3q2/2K2RR1 w - - 4 44,c1d1 b2b1 h6c1 b1c1
2r3rk/1b3p1Q/pp4p1/3pPN2/1Pq5/2P3R1/2P3PP/R5K1 b - - 0 23,h8h7 g3h3 c4h4 h3h4
5rk1/pp4n1/3r3Q/3n4/1q2N3/1P1B1p2/P4P1P/R4RK1 w - - 1 30,e4d6 b4g4 g1h1 g4g2
k6r/1bR2Qp1/4p3/8/4N1K1/b4PP1/1q5P/8 b - - 2 34,b7e4 c7a7 a8b8 f7c7
8/8/P4k2/1Q3pp1/1p1qp3/8/PKP1B3/8 w - - 5 39,b2b3 d4c3 b3a4 c3a3
q6k/6p1/p4p1p/5Q2/1B6/3r4/5RKP/8 w - - 6 47,g2f1 a8h1 f1e2 h1d1
6rk/R5pq/2p5/3bB1Q1/8/5PK1/8/8 b - - 6 40,h7h1 e5g7 g8g7 g5g7
1R1b4/3P1k2/8/8/8/1P5P/2r1p1P1/1R3K2 w - - 0 45,f1e1 d8h4 g2g3 h4g3
r1b2r1k/pp6/5PQ1/2bp4/8/4q1B1/PPPN2PP/R6K b - - 0 21,f8g8 g6h5 e3h6 h5h6
6k1/5p2/6r1/ppp5/4P2Q/q2r4/2RR1KB1/8 b - - 1 38,d3g3 d2d8 g8g7 h4h8
3rkb1r/1b4pp/p1qpPR2/1pp3N1/4P3/8/PPPP2PP/R1BQ2K1 b k - 0 15,g7f6 d1h5 e8e7 h5f7
rn2k1nr/ppp2p1p/8/3pP3/1q1P1Bbp/3Q4/PPPK2PP/RN3B1R w kq - 3 11,d2c1 b4e1 d3d1 e1d1
r7/2q1kp2/p2pp3/8/4QP2/4B3/PPP1r2P/1K1R3R w - - 1 22,e4a8 c7c2 b1a1 c2b2
1r3nk1/5p2/1r3q1N/1P2p1pQ/pRBpP3/P7/8/6K1 b - - 0 37,f6h6 h5f7 g8h8 f7g8
8/1PR5/7p/6p1/3P1k2/3B3K/1r6/8 w - - 3 58,d3a6 g5g4 h3h4 b2h2
5rk1/pp6/4r2p/2qp2pQ/P4p1n/1B5P/1PP4K/3RR3 w - - 0 29,e1e6 c5f2 h2h1 f2g2
7r/2kN1p2/Br2p2p/Q2pP3/5q2/5n2/5PPP/5RK1 w - - 2 30,g2f3 h8g8 g1h1 f4f3
r1br2k1/1p3pp1/p2p1q2/3P2BQ/P3B3/8/4KPPP/8 b - - 2 25,f6e5 h5h7 g8f8 h7h8
r2q1r1k/p3b3/n1pp1nQ1/1p3B2/8/P1N4P/1PP2PP1/R4RK1 b - - 0 18,f8g8 g6h6 f6h7 h6h7
1R1R4/5ppk/5n1p/5Nq1/8/5Q1P/r3rPP1/6K1 b - - 4 32,e2f2 d8h8 h7g6 f5e7
2r1r1k1/1b2bppp/p2pp3/q7/2R2P2/1P2BN1P/P1Q3P1/1B3K2 b - - 2 24,c8c4 c2h7 g8f8 h7h8
8/1pkb4/5p1p/p1Qp1n2/P1pP3r/2P3RP/1P3q2/R6K b - - 3 38,c7b8 g3g8 d7e8 g8e8
5rk1/ppp3pp/3p4/3Pp3/2PnNP2/8/PP4PP/5RK1 w - - 1 22,f4e5 d4e2 g1h1 f8f1
7k/1pp3pp/p2p2r1/2b2r2/2Q2P1q/1P2PP2/PB5P/4RR1K w - - 1 31,c4e4 h4h2 h1h2 f5h5
3k3r/1p1qb1p1/p2p4/8/5n2/2N1Q3/PPP2PK1/R3R3 w - - 0 24,e3f4 d7h3 g2g1 h3h1
r6r/1p2pkbp/3p1p2/p1pP3P/Pqn1P1P1/2N1B3/1PP1QP2/2KR3R w - - 1 19,b2b3 b4a3 c1b1 a3b2
r2r3k/4n1b1/p3Q2p/3RB3/1p6/2P5/qP5P/1NK5 b - - 2 30,e7d5 e6h6 h8g8 h6g7
r1b3k1/1pp2q1p/p2p2pB/3P1p2/5P2/3n2P1/P3R1BP/Q5K1 b - - 0 22,d3c5 e2e8 f7e8 a1g7
2rk1b1r/1Q2pppp/4q3/1B1Nnb2/3Pn3/8/PP3PPP/R1B1K2R b KQ - 0 13,e4d6 b7b6 c8c7 b6c7
5k1r/1Q1n4/1p1Ppp2/8/PpP2P2/2q4P/6P1/6RK w - - 4 36,b7d7 h8h3 g2h3 c3h3
5r2/pp2Nppk/1q2p1Qp/7P/8/1P2rR2/P1n3P1/5RK1 b - - 3 30,f7g6 h5g6 h7h8 f3f8
2r3k1/6p1/7p/1P2p3/pq1pR3/1r1P2P1/1KP1Q1P1/2R5 w - - 0 34,c2b3 b4b3 b2a1 c8c1
5B1Q/pp3q1p/3p2k1/2p3p1/2P5/1P5P/P3n1P1/7K w - - 4 33,f8d6 f7f1 h1h2 f1g1
R7/8/5pk1/5R2/2Pr2K1/1P4P1/P6r/8 w - - 3 44,f5f4 f6f5 g4f3 d4d3
7k/ppp4p/3q2p1/6r1/P3Q3/3B2PP/7r/R4R1K w - - 2 30,h1h2 d6g3 h2h1 g3h3
q1b3k1/5ppp/8/1p1pr3/r3B3/4P1P1/2Q2P1P/1N1R2K1 b - - 0 26,d5e4 d1d8 e5e8 d8e8
6k1/5ppp/3p4/R1pP1bq1/2Pn1N2/1P4PP/5PQK/4r3 b - - 2 28,f5e4 a5a8 g5d8 a8d8
6k1/1bR1qp1p/1p4pb/1N1p4/4r3/P3PQP1/1P3KPP/8 b - - 11 34,e7e5 f3f7 g8h8 f7h7
7r/pp4R1/2p5/5k2/6p1/P2PBnP1/1PP2P2/2K5 w - - 1 30,c1d1 h8h1 d1e2 h1e1
q2r2k1/4R1p1/pp5p/2n2p1Q/P2r4/1P4P1/2P2P1P/1R4K1 b - - 1 31,d4d7 h5f7 g8h8 f7g7
3R1bk1/4rp2/p6p/1p3P2/2pQ2P1/5K2/PP3P2/6q1 b - - 8 38,h6h5 d8f8 g8f8 d4h8
2r5/pq3pk1/1p4p1/3r3p/4pQ2/1P2P3/PR3PPP/3R2K1 w - - 0 26,d1d5 c8c1 d5d1 c1d1
5r1k/ppq4p/2p1R3/3p4/3P1bQ1/2P5/PP3RPP/6K1 w - - 2 28,f2e2 f4h2 g1h1 f8f1
1r4k1/p3bppp/2Q1p3/6P1/2p4P/1PqP4/P1P2P2/2KR3R w - - 0 23,c6c4 e7a3 c1b1 c3b2
6QB/1ppk4/3pp3/4p3/1nP5/qp1P4/P2QPP2/1K6 w - - 1 32,d2b4 a3a2 b1c1 a2c2
7Q/p3kppp/4p1b1/8/8/4PPbP/P2qNK2/4R1NR w - - 5 26,f2f1 d2e1 f1g2 e1f2
2r2rk1/p4p1p/1p3Qp1/6P1/7q/2R1R3/PPP2P2/1K6 w - - 0 31,c3c8 h4h1 e3e1 h1e1
1k4r1/ppb4R/8/P3p3/1P2Q2p/2P3rP/5qP1/4RB1K w - - 3 38,e4e2 g3h3 g2h3 f2g1
1r1r1k2/p7/3q1pQ1/3p1p2/3PnP2/7R/PPP4P/3R2K1 b - - 2 27,f8e7 h3h7 e7e6 g6f7
5rk1/pp1Q2pp/3p3q/4p3/1PPp1b1r/3P2N1/P4PB1/2R2RK1 w - - 5 28,g3f5 h4h1 g2h1 h6h2
2r2k2/p1rR4/q3p2p/4P1R1/8/6QP/P4PPK/8 b - - 0 35,c7d7 g5g8 f8e7 g3g7
r1bR4/1p4pk/p3p3/5rP1/1q3P2/6Q1/1P4PK/3R4 b - - 0 30,b4f4 g5g6 h7h6 d8h8
2r3k1/pp2Rpp1/6p1/8/1P1R4/P6P/2r2PP1/6K1 b - - 2 25,c8c7 e7e8 g8h7 d4h4
8/4k3/8/2PR1p1p/3P1pp1/3r1P1P/6PK/8 w - - 0 43,d5f5 g4g3 h2g1 d3d1
r5r1/1pp1q1pk/2bp1p1p/4pP2/4P2R/P2PQ2P/5RP1/2B3K1 b - - 3 30,c6e8 h4h6 g7h6 e3h6
2br2k1/1pp4p/4p1pR/2b5/4Q3/1P1B1N2/3P1PP1/q1KR4 w - - 0 19,d3b1 c5a3 c1c2 a1b2
2Q5/ppp1rppk/3p1q1p/3P4/1P6/P7/2P2PPP/4R1K1 w - - 2 23,e1e7 f6a1 e7e1 a1e1
3r4/1pp4Q/2k1pb2/p3q3/8/2N5/PPP3PP/3R3K w - - 3 25,h7h3 d8d1 c3d1 e5e1
r3r1k1/pR2qppp/8/4p3/8/5Q2/2P2PPP/5RK1 b - - 0 20,e7c5 f3f7 g8h8 f7g7
rn4rk/1b2b1p1/4NnQB/pq1p4/3P4/8/PPP3PP/R4RK1 b - - 0 20,b5e8 h6g7 g8g7 g6g7
r5k1/5ppp/b3p3/8/p2p2n1/P1r2N2/BPP1N1P1/RQ2RKBq w - - 3 29,b2c3 g4e3 f1f2 h1g2
5r2/2k5/1p4R1/2p3P1/p2p4/3P1rK1/PPP1R3/8 w - - 3 38,g3g4 f8f4 g4h5 f3h3
2k4q/pp1bb3/5nN1/2p2PB1/3nP3/6pr/PPP3B1/R2Q1R1K w - - 0 23,h1g1 h3h1 g2h1 h8h2
2r2rk1/5ppp/p1q5/1p1np3/4N3/3Q3P/PP3PP1/1B1R3K b - - 12 29,d5f6 e4f6 g7f6 d3h7
6k1/5pp1/1pN1p1qp/1PbbQ3/5P2/r7/5PPP/2R2RK1 w - - 8 31,g2g3 a3g3 h2g3 g6g3
r1bqkbnr/1ppn3p/p2pp1B1/4p2Q/3N1P2/8/PPPP2PP/RNB1K2R b KQkq - 0 8,h7g6 h5g6 e8e7 g6e6
k4q2/1b6/p7/2p1R3/P1Q5/2PP1P2/1P3KrP/8 w - - 0 40,f2g2 f8f3 g2g1 f3g2
1k1r1b1r/1ppb1ppp/2qp4/1N6/Q7/4B3/PPP2PPP/R3R1K1 b - - 4 19,c6b5 a4a7 b8c8 a7a8
r1b2rk1/1pqpbpp1/4p1n1/p3n2Q/3pNB2/P2B4/1PP2PPP/R3R1K1 b - - 5 15,g6f4 e4f6 e7f6 h5h7
3r2rk/pp4pp/8/2P4Q/4R3/3p2RP/1q3PP1/6K1 b - - 1 30,d3d2 h5h7 h8h7 e4h4
2r2r1k/1p1qpp2/p2p1R1P/2pPn3/P1P1P1bQ/1PN5/3B3P/R5K1 b - - 0 30,e7f6 h4f6 h8h7 f6g7
r5k1/ppp2p2/6rp/3pPQ2/5P2/1Pq4P/P5PK/R3R3 w - - 1 25,e5e6 c3g3 h2g1 g3g2
1k5r/3R4/1pP1BQp1/1q3P2/5bPp/1KP4P/8/8 w - - 11 46,b3a3 f4c1 a3a2 b5b2
rn2k2r/pp3pp1/2p1p2p/8/2BPN1nP/4BN1q/PPP2P1b/R2Q1R1K w kq - 0 16,f3g1 h2g1 h1g1 h3h2
r5k1/pp4pb/2pq3p/3p1p2/3P1rBP/2N5/PPP1QP2/R4R1K w - - 0 24,g4f3 f4h4 h1g1 d6h2
r5k1/4nrpp/1q2p3/3p1p1Q/p2P1P2/Pp2P1R1/1B3P1P/5KR1 b - - 3 29,e7c8 g3g7 f7g7 h5e8
1R6/5p2/r7/8/4P3/1bkP1P2/1N4PP/1K6 w - - 9 39,h2h4 b3c2 b1c1 a6a1
2r3r1/1p3p1k/p1n1pBB1/3p1bQ1/8/2Pq3P/PP3PP1/R3R1K1 b - - 0 25,f5g6 g5h4 g6h5 h4h5
2R3k1/5pp1/2p4p/8/4PpQ1/1P2q2P/1PP3K1/r7 b - - 3 37,g8h7 g4f5 g7g6 f5f7
r1b3kb/5pnp/p1p2BN1/8/q5PQ/3N4/5P1P/4R1K1 b - - 0 28,h7g6 e1e8 g7e8 h4h8
8/1R3pk1/7p/4n1p1/8/3PP1PP/1R2nPK1/4r3 w - - 1 37,d3d4 e1g1 g2h2 e5f3
4Q3/pb4pk/2p5/1pP5/4B3/PP2n1PP/7K/4q3 b - - 10 35,g7g6 e8g6 h7h8 g6h7
2k5/1ppr1p1b/pbnp3Q/3Pp1B1/4q3/1BP5/PP4PK/R7 b - - 0 23,c6a5 h6f8 d7d8 f8d8
4r2k/8/p1p2p2/6p1/1P1R3r/P5QB/4qPP1/3R2K1 w - - 10 36,h3g4 e2e1 d1e1 e8e1
3r1r2/1pp3pk/pq5p/4p2Q/4P3/P1P3RP/1P4P1/4R2K b - - 5 30,b6f2 h5g6 h7h8 g6g7
1b4rk/1Q4p1/p5Pn/3P1p2/4q3/2P4R/6R1/7K b - - 6 41,a6a5 h3h6 g7h6 b7h7
8/7p/8/2pPnkp1/2P5/5P1q/1Q3P1P/r4BK1 w - - 2 39,b2a1 e5f3 g1h1 h3h2
b5rk/r5p1/3p1pQp/2pPpP2/P1Pq4/7R/P5PP/5R1K b - - 0 44,a7a4 h3h6 g7h6 g6h6
r5k1/ppp2ppp/8/5q2/6b1/3Br3/PPPN1NQP/2K5 w - - 0 22,d3f5 e3e1 f2d1 e1d1
3QQ3/p6p/6pk/3P1p2/4qP2/4b2P/P4K2/7R w - - 0 37,f2g3 e4f4 g3g2 f4f2
8/6pk/P5p1/8/2Q3n1/2P4q/1P3B2/6K1 w - - 0 36,a6a7 h3h2 g1f1 h2f2
3r1rk1/pp2bpp1/1q2pn2/2n3NN/2P2B1p/1P6/P1Q2PPP/3RR1K1 b - - 1 18,d8d1 h5f6 g7f6 c2h7
8/5R1p/6pk/3Bb3/6PP/5K2/3r4/8 b - - 0 43,d2d5 g4g5 h6h5 f7h7
1Q6/p2p3p/kp1Bp3/5p2/8/2q5/P1P2PPP/R3R1K1 w - - 2 25,e1e3 c3a1 e3e1 a1e1
4r1k1/ppQ3pp/4p3/2Pp4/8/2P1R2P/3q1RP1/6K1 b - - 0 23,d2e3 c7f7 g8h8 f7e8
r3qk2/pQ1nr3/5bpp/8/8/N1PR4/PP3PPP/3R2K1 w - - 3 20,d3d7 e7e1 d1e1 e8e1
8/pp1b1P2/2k1p3/3p4/5B2/P7/1RP1qp2/2K4R w - - 2 39,f7f8q e2e1 h1e1 f2e1q
2rr4/4k1pp/4p3/1p2P3/1R6/n4N2/5PPP/2R3K1 w - - 6 26,c1c8 d8d1 f3e1 d1e1
2k5/ppp3p1/8/1P2P1p1/3RQp2/2P1nP2/P2K2Pr/5r2 w - - 4 34,d2d3 f1d1 d3e2 h2g2
1k5r/1b1R4/1p1p1p1p/3Pp2P/4P3/1B3q2/PK6/2Q5 b - - 1 34,f3e4 c1c7 b8a7 c7b7
r2qkbnr/pp5p/2ppB3/4p1p1/4PP2/3P4/PPP2P1P/R2QK2R b KQkq - 0 11,e5f4 d1h5 e8e7 h5f7
2r3k1/1R3p1p/6p1/3Q1b2/8/3p3P/p5PK/2q5 b - - 3 39,a2a1q d5f7 g8h8 f7h7
r5k1/2pq2r1/1p1p1Q2/1N1Pp2B/p1P1Pp2/P7/1P4b1/6RK w - - 4 42,g1g2 d7h3 g2h2 h3f1
8/6pk/5p2/5P2/r5P1/6K1/8/1R6 b - - 2 48,h7h6 b1h1 h6g5 h1h5
r6k/8/2pp1Qp1/6P1/3P4/8/pqB1KP2/8 b - - 2 41,h8h7 f6g6 h7h8 g6h7
8/p6p/2p1Q1pk/8/6K1/6P1/PP3q1P/8 w - - 0 37,e6c6 f2f5 g4h4 f5h5
8/5ppk/prp2p2/3p4/3P4/6qb/PPP1Q1N1/4R1K1 b - - 3 26,h3g2 e2h5 h7g8 e1e8
7k/3n1Qp1/p1n3PP/1p2pPq1/1P1pP3/P2P1B2/5K2/8 b - - 2 39,g5h6 f7e8 d7f8 e8f8
k2r4/p1Q1b1r1/4p1n1/3q1p2/PR5p/8/1P1N1PPP/2R3K1 b - - 1 33,h4h3 c7c8 d8c8 c1c8
r2q1rk1/p1p2p2/1p2pP1p/3p2p1/7B/2PP4/P4PPP/R2QR1K1 b - - 0 15,g5h4 d1g4 g8h7 g4g7
b5rk/6p1/qNpQR2p/5p2/3P4/5P2/1P4PP/6K1 b - - 1 32,a6b6 e6h6 g7h6 d6h6
r2k1b1r/pp5p/5pn1/3Ppb2/1nP5/4B3/PP2Q1PP/1K1R1BNR w - - 2 18,b1c1 b4a2 c1d2 f8b4
8/7p/1p6/8/Pq5P/1Pp1Q3/2P2Rbk/2K5 w - - 1 45,e3e2 b4a3 c1b1 a3b2
4k1r1/1p2bp2/p4p2/4p3/2r3qp/1Q6/PP3P1B/R3RB1K w - - 0 23,b3c4 g4f3 f1g2 f3g2
3r4/4pPkp/p5p1/1pp5/5N2/3BP3/qPP3P1/2K2R2 b - - 1 25,d8d3 f4e6 a2e6 f7f8q
r3k3/ppQn1pp1/2p3r1/4p2p/1B2P3/5P1q/PP5P/3RRBK1 w q - 6 21,g1h1 h3f3 f1g2 f3g2
r5k1/p4ppp/8/6q1/1b1pQ3/8/PP3PPP/4R1K1 b - - 0 20,b4e1 e4a8 g5d8 a8d8
2rQ2k1/1p3rpp/4N3/4p2q/4P3/8/PbP2PPP/3R1RK1 b - - 3 22,c8d8 d1d8 f7f8 d8f8
4kr2/5n2/1Q6/p4P2/8/P3P2P/3P1RK1/3q4 w - - 11 46,f5f6 f8g8 g2h2 d1g1
8/5R1p/1p4pk/p1p5/5PP1/r1P4P/6K1/8 b - - 0 39,a3c3 g4g5 h6h5 f7h7
rnb1k1nr/ppNp1ppp/1b6/4p3/2B1P2q/5Q2/PPPP1PPP/R1B1K1NR b KQkq - 0 6,b6c7 f3f7 e8d8 f7f8
8/2P4p/3Q2nk/8/2P3P1/P1r5/4r3/6K1 w - - 1 61,c7c8q c3c1 d6d1 c1d1
r2r2k1/5p1p/p1p1p1pQ/4P3/2qnNP1P/b7/1P4P1/R4R1K b - - 1 27,a3f8 e4f6 g8h8 h6h7
6k1/ppq2pp1/2p4p/P2p1b2/1P1P1b2/2PQ1B1P/5PP1/4rRK1 w - - 0 26,d3f5 f4h2 g1h1 e1f1
5rk1/ppR2r2/3pB1pp/1P1Pb1q1/P3p3/1Q3pP1/5P1P/2R3K1 w - - 3 31,c7f7 g5c1 b3d1 c1d1
4r1k1/1p3p2/p1pqr1p1/3p2n1/5B2/3R1Q2/PPP2PPP/3R2K1 w - - 4 26,f4d6 e6e1 d1e1 e8e1
r4kr1/pRQ2p1p/3p2p1/1B5n/4PP1q/3PKP2/4N3/8 b - - 1 24,f8g7 c7f7 g7h8 f7h7
1r1q1r2/3b2k1/4p2R/3pPpN1/2pP1P2/1pP5/1P6/R1B1Q2K b - - 0 30,g7h6 e1h4 h6g7 h4h7
3R4/pp2p1kp/n3Pbp1/8/2p2q2/2N5/PPP1Q1PP/7K w - - 4 26,c3d5 f4c1 e2d1 c1d1
8/3R4/6p1/5p2/7k/3pK3/2rr1P2/5R2 b - - 1 41,g6g5 d7h7 h4g4 f1g1
1r4k1/p3rppp/6q1/Q2p4/P1pNnP2/2P1P1P1/7P/1R3RK1 b - - 6 29,b8b1 a5d8 e7e8 d8e8
8/1p1R2pk/7p/p6P/4N3/1r6/8/6K1 b - - 0 41,a5a4 e4f6 h7h8 d7d8
7k/7p/R6P/4p3/1p1rP3/1Pp1bB2/P1Kp4/3R2r1 b - - 2 45,g1d1 a6a8 d4d8 a8d8
r2qr1k1/pppn1p2/3p1n1B/8/2B1p1P1/2P1Q2P/PPP2P2/2K4R b - - 1 17,d6d5 e3g5 g8h7 g5g7
4rk1r/5p2/p3B3/1pnPq1Qp/2p5/2P1p1R1/PP4PP/5RK1 b - - 1 32,e5g5 f1f7 f8g8 g3g5
4r1k1/1p3pP1/pp2bBnQ/3rn2P/P3p3/2P5/1P4P1/5RK1 b - - 0 27,e5g4 h6h8 g6h8 g7h8q
3brrk1/p3q2p/b1p1p1N1/2P1Pp1Q/3Pp3/4P1PR/P6P/R1B3K1 b - - 0 23,h7g6 h5h8 g8f7 h8h7
r5k1/4Bp1p/4b3/p2p1p2/2p5/4R2P/2P3P1/6K1 b - - 1 30,d5d4 e3g3 g8h8 e7f6
2r3k1/p2R2p1/5p1p/1p2pP1Q/1q1nP3/7P/P5PK/8 b - - 7 33,a7a5 h5f7 g8h8 f7g7
2r3k1/5p2/4bP1R/1pqp4/7N/2PQp3/6PP/7K b - - 2 32,c5c3 d3h7 g8f8 h7h8
r7/ppp4k/6p1/8/5rq1/3Q4/PPP2P2/R4R1K w - - 0 20,f1g1 g4h4 d3h3 h4h3
r4R1k/1p5p/p3b1pQ/4p3/P7/3q3P/1P4PK/8 b - - 1 25,a8f8 h6f8 e6g8 f8f6
2kr1br1/1pp5/P2p1p1p/1p1N1P2/3pP3/3P2q1/2PNQn1p/R4R1K w - - 1 26,f1f2 g3g1 a1g1 h2g1q
r3r1k1/pp2qp1p/5np1/2n5/2Q3b1/P3BP2/BPP1N1PP/R3K2R b KQ - 0 18,e7e3 c4f7 g8h8 f7f6
1R6/2Q3pp/4p1k1/3p1p1q/p2PnPn1/3BP1P1/P5K1/4B3 w - - 7 41,d3e4 h5h2 g2f1 g4e3
r4k2/2R2P2/p7/5p2/2B5/2qp1Q2/P4PP1/R3K3 w Q - 0 30,e1f1 c3a1 f3d1 a1d1
3qr1k1/1p3pp1/p6p/3p1Q1N/4n3/P2KPRP1/1r4PP/8 b - - 1 23,d8c8 f5f7 g8h8 f7g7
3r1r2/pp2b2k/3q3p/2pR3Q/8/P5R1/1P4PP/6K1 b - - 0 27,d6d5 h5g6 h7h8 g6h6
4rrkR/1p2pp2/p2p2p1/3P1NQ1/1qP5/1P5P/P4PP1/6K1 b - - 2 31,g8h8 g5h6 h8g8 h6g7
5R2/pp4pp/6k1/7n/3p1P1P/5K2/r4N2/8 b - - 1 44,b7b5 f4f5 g6h6 f2g4
2rq1r2/bp3k2/5N1p/p3P3/8/P5Q1/BPbp2PP/R6K b - - 1 29,f7e7 g3g7 f8f7 g7f7
1r4r1/p3R3/2p1pPk1/Q5p1/2p5/P7/5qPP/4R2K b - - 4 37,g8h8 e7g7 g6h6 a5g5
r1bq1r1k/4b2p/p3p1R1/3pPp1N/2pP4/2P1P2Q/3B2PP/1R4K1 b - - 0 25,h7g6 h5f6 h8g7 h3h7
3r2k1/5p1p/5Qp1/3r4/ppqP4/4R2P/5PP1/4R1K1 b - - 1 34,c4d4 e3e8 d8e8 e1e8
1k1r3r/ppp2R2/8/3Pp1p1/4P1q1/2Q5/PPP5/2KR4 b - - 0 21,g4e4 c3c7 b8a8 c7b7
rnb2r1k/ppp2Bpp/8/2Q5/8/1PP5/P5PP/1qB2RK1 b - - 1 18,f8f7 c5f8 f7f8 f1f8
1kr5/pp2Q3/3p4/1np5/2N1P3/1Pq5/P1PR3P/1K1R4 w - - 7 23,c4d6 b5a3 b1c1 c3a1
8/pp2RkpR/4rp2/8/2Q5/8/PPP3q1/1K6 b - - 0 30,f7e7 c4c7 e7f8 h7h8
3r2k1/1p3pp1/p1p4p/3rq3/PP5Q/2R1P2P/5PP1/2R3K1 w - - 3 26,c3c5 d5d1 c1d1 d8d1
1r5R/2r1kp2/8/4PB2/3q1P2/6P1/PP2Q3/1K6 w - - 6 38,h8b8 d4g1 e2d1 g1d1
3Rr1k1/6p1/5pNp/p1p1bP2/6q1/8/6PP/3R3K b - - 3 41,e8d8 d1d8 g8f7 d8f8
4Nk2/1p4P1/2p5/5K2/1rP5/p7/8/8 b - - 0 56,f8g8 f5g6 a3a2 e8f6
2rR2k1/pr5p/2q1bQpB/P4p2/2p1pP2/8/5PPP/2R3K1 b - - 9 32,c8d8 f6d8 c6e8 d8e8
3r4/2qP1kp1/2p1p2p/2p5/1pP1Q3/5P2/4RKP1/8 b - - 3 33,d8d7 e4e6 f7f8 e6e8
r2q1r1k/6b1/p3B1Q1/3P1p1p/4n2P/8/1PP2RP1/5RK1 b - - 0 28,e4f2 g6h5 g7h6 h5h6
R7/6k1/P7/8/6pp/7P/r5PK/8 w - - 0 55,a6a7 g4g3 h2g1 a2a1
4RQ2/5ppk/6p1/8/q7/7P/5PP1/3r2K1 w - - 4 49,g1h2 a4f4 g2g3 f4f2
4r1k1/4q1bp/p2pN1p1/1ppn1p2/8/P1P4P/1PQ2PPB/1R4K1 w - - 0 25,e6g7 e7e1 b1e1 e8e1
2rqk3/ppb3Q1/2n1p1p1/3pp1N1/1P1P1rPP/P1N5/1B3P2/R4RK1 w - - 1 23,g5e6 f4g4 g1h1 d8h4
3r4/2p3k1/1p3p1P/p4qp1/3P4/1Q3N2/KPn1r3/6RR b - - 0 34,g7h7 b3f7 h7h8 f7g7
4R2k/pbQ2rpp/1p4n1/3p1q2/3B4/1BP5/PP4PP/6K1 b - - 6 30,g6f8 e8f8 f7f8 c7g7
r2q2k1/pp2p2p/2n3p1/3p2N1/6b1/8/PPP1B1PP/R4QK1 b - - 0 17,g4e2 f1f7 g8h8 f7h7
3rr1k1/1pQ2p1p/p5p1/5b2/2B5/4q2P/P5P1/5R1K b - - 1 24,f5h3 c7f7 g8h8 f7f6
r3k1nr/p5p1/1pp1B2p/4PnB1/8/3Q1P1q/P4P1P/6RK b kq - 0 25,h6g5 d3d7 e8f8 d7f7
5rk1/p2n2pp/2pNb3/3pP3/3P1Q2/1P1q2P1/P5BP/5R1K w - - 3 32,f4h4 f8f1 g2f1 d3f1
r7/1b1qpQbk/p2p4/3N4/2pP3p/4p2P/BPP3P1/1R5K w - - 1 31,d5e7 d7h3 h1g1 h3g2
1r6/4Qk1p/6p1/3Np3/3qP3/7P/6PK/1r6 b - - 1 38,f7g8 d5f6 g8h8 e7h7
3r2k1/pp3npb/2p3qp/8/P6P/2P3P1/2P1QPB1/4R1K1 b - - 2 27,g6c2 e2e8 d8e8 e1e8
8/2Q5/p7/1p3p2/5k1P/8/Pq3PK1/8 b - - 2 43,f4g4 c7g3 g4h5 g3g5
r4r2/p3ppkp/2ppb1p1/q7/4n3/2N5/PPPQBPPP/1K1R3R w - - 0 14,c3e4 a5a2 b1c1 a2a1
8/p4q2/1p4k1/1Pp3p1/2Pp2Q1/P2P2p1/8/2B2K2 w - - 0 48,f1g2 f7f2 g2h3 f2h2
r4q1k/pp4pp/8/2pQP3/3Pp2b/2P5/PP4PP/R1B3K1 w - - 1 18,d5e4 f8f2 g1h1 f2f1
2r1k3/1b1p1pp1/pp2p3/2q5/2PQP3/1PN2Pp1/P3B1P1/3R1RKr w - - 2 20,g1h1 c5h5 h1g1 h5h2
6k1/p1p3pp/1q6/8/2P1Pp2/P6P/1rQ2PP1/3R2K1 w - - 3 30,c2d3 b6f2 g1h2 f2g2
4k3/8/4BKp1/7p/pp1R1P2/5r2/Pr5P/8 b - - 3 40,b2f2 e6f7 e8f8 d4d8
5r2/5p1k/2Q3Bp/1pp5/p2q4/6RP/PP3PP1/6K1 b - - 0 31,f7g6 c6g6 h7h8 g6h6
8/p4B2/1p3p1p/2p1r1k1/8/4RKP1/PPPr1P1P/8 b - - 0 32,d2c2 h2h4 g5f5 g3g4
6k1/2R3p1/3Np1p1/4P3/3P4/4N1PK/5P1P/2rnn3 w - - 9 37,c7c1 d1f2 h3h4 e1f3
5rk1/3R1pp1/Q3pqp1/8/1p6/1P2P2P/P1r2PP1/3R2K1 w - - 2 28,d7d4 f6f2 g1h2 f2g2
Q3kb1r/p1pb1ppp/4pn2/8/8/1P3P2/P4PPP/qNB1KB1R b Kk - 0 14,e8e7 c1a3 c7c5 a3c5
3RQ3/6pk/1r5p/4b2P/8/B3PP2/1Pq2K2/8 w - - 5 37,f2e1 e5g3 e1f1 c2f2
r3r1k1/1p2qp1p/2p3p1/p1P5/2BP1Q2/P5P1/5PP1/3R1K2 b - - 6 34,e7e4 f4f7 g8h8 f7f6
2r2rk1/1p1R1pp1/p3p2p/4P3/5Q1P/8/1q3PP1/5RK1 b - - 0 27,f8d8 f4f7 g8h8 f7g7
k2q4/p2B1pp1/Pp2p1p1/8/2QP1Pn1/4PKP1/3N1r2/2R5 w - - 2 32,f3g4 f7f5 g4h3 d8h8
r4rk1/ppp2pp1/8/3PP1Pp/1qn1Q2P/5N2/PPP5/2KR3R w - - 1 22,b2b3 b4a3 c1b1 a3b2
4r1k1/ppp2p2/5pnQ/7N/3p2qP/3P4/PP3PP1/R3r1K1 w - - 3 24,a1e1 e8e1 g1h2 g4h4
7r/rp5p/p1n1b3/3pkppN/2N1p3/2P2PP1/PP5P/2KR3R b - - 1 21,d5c4 f3f4 g5f4 g3f4
3k1r1b/1Bp5/P2pQ2p/4p1p1/8/2q1P3/2P3PP/4R1K1 w - - 0 36,e1e2 c3a1 e2e1 a1e1
8/6k1/R2P3p/4b1p1/8/p2r2PP/6PK/1N6 w - - 3 44,b1a3 e5g3 h2g1 d3d1
rnb1r1k1/p3ppbp/2p3p1/q3P1B1/2B5/1Pp2N2/P1PQ1PPP/2KR3R w - - 0 15,d2e3 a5a3 c1b1 a3b2
1R5k/2p3p1/p6p/2P2p2/8/P2r3P/3qr1P1/5Q1K b - - 3 29,h8h7 f1f5 g7g6 f5f7
3k3r/p4R2/B1b5/8/3p1Bp1/PN1P2P1/1P6/4b1K1 w - - 1 34,g1f1 h8h1 f1e2 c6f3
4r1k1/1Qp2ppp/p7/1p6/8/2N5/Pnq2PPP/2BR2K1 w - - 0 21,c1b2 c2d1 c3d1 e8e1
1k1r3r/ppp2R2/7p/6p1/2P5/1P4QP/P2q2P1/R6K b - - 2 23,h6h5 g3c7 b8a8 c7b7
5Rk1/pp6/2p5/3p2q1/4r2n/2P5/PP3Q1K/8 b - - 1 35,g8g7 f2f7 g7h6 f8h8
5R1Q/7p/2p2n1k/p1Pp4/b2P1PP1/7P/3q2K1/8 w - - 2 41,g2g3 f6e4 g3h4 d2f2
r5k1/q4ppp/3Rp3/r3P3/4P3/6P1/3Q1PBP/6K1 b - - 2 31,a5a2 d6d8 a8d8 d2d8
1k5r/p1p2p2/Qp2p1p1/1N4qp/8/8/PPPn1P2/1K1R4 w - - 1 24,d1d2 g5g1 d2d1 g1d1
6qk/6p1/6B1/2b5/1p6/5QPK/1P1r3P/8 b - - 8 41,d2d6 f3h5 g8h7 h5h7
6k1/p1p1n1p1/1q1p3p/4p1PQ/2P5/3P3P/PP6/5K2 b - - 2 28,e7f5 h5e8 g8h7 g5g6
4rbk1/pp2r1pp/2b4N/2qpPQ2/8/2P3R1/P5PP/5R1K b - - 2 27,g8h8 f5f8 e8f8 f1f8
r5k1/pR3ppp/8/P3q3/8/6PP/5Q1K/8 b - - 0 31,e5a5 f2f7 g8h8 f7g7
4r1k1/6p1/RP6/2Np3n/6Qp/2P2PqP/6PK/8 w - - 4 38,g4g3 h4g3 h2g1 e8e1
2r5/3kb1pp/2r1pp2/1p1p4/n2P2P1/2PN2BP/RPK2P2/R7 w - - 4 37,c2b3 c6c3 b2c3 c8c3
1r3r1k/p1p3p1/1p2R2p/1P1B1p1Q/P1Pp3P/3PR1P1/3q1P2/6K1 b - - 0 29,d4e3 e6h6 g7h6 h5h6
r2q2k1/pp3p1p/5npb/3p2N1/3P1Q1P/1PP5/1P4K1/RNB1r3 b - - 2 21,f6e4 f4f7 g8h8 f7h7
4r2k/1p4pp/pq1rPp2/5p1Q/5P2/2P4P/PP4P1/2R1R2K b - - 8 26,d6e6 h5e8 e6e8 e1e8
4b1k1/1r6/p3NQp1/q2pP3/8/2r3P1/1p3P2/3R2K1 b - - 1 46,a5a1 f6f8 g8h7 e6g5
4r3/p2k2pp/2pb4/2pp4/6n1/1PN5/P1PP1PPP/R1B2K2 w - - 2 19,h2h3 g4h2 f1g1 e8e1
5rk1/4R2p/p2p2pQ/1pp2q2/2n5/P1B4P/6P1/7K b - - 0 31,f8f7 e7e8 f7f8 h6g7
5k2/1p6/2b1KB2/3p4/6Rp/P7/1P5r/8 b - - 0 40,h4h3 f6e7 f8e8 g4g8
6k1/p2n1ppp/4p1q1/3pP3/Pp4NQ/1n2B1PK/5P1P/7r b - - 1 30,g8h8 h4d8 d7f8 d8f8
2k3r1/pppqb3/2np1p1p/3Qp3/4P2N/2PP1N1P/PP3Pr1/R4R1K w - - 0 18,h4g2 d7h3 h1g1 h3g2
7k/1pp2rp1/1r1pqpRR/p7/4P3/2P3Q1/P1P3PP/2K5 b - - 0 27,g7h6 g6g8 h8h7 g3g6
r2r2k1/2p3pp/5p2/2N1p3/4Q3/4BN2/q4PPP/R5K1 w - - 0 25,a1a2 d8d1 f3e1 d1e1
5r1k/pb2b2P/4p1pP/2p1P1P1/2Q5/2P1P3/P6R/3qBKR1 w - - 13 34,h2f2 f8f2 f1f2 d1f3
5rk1/2R2pp1/8/3QP3/3B3p/2Pq2rP/P5P1/6RK w - - 0 28,e5e6 g3h3 g2h3 d3h3
8/3Q1kpp/p4p2/3p4/1P1P2PK/P3P2P/5Pq1/6r1 b - - 2 44,f7g6 d7e8 g6h6 e8h5
8/1p1n1R2/1n4pk/8/r3p1PP/P3P1K1/8/8 b - - 1 36,a4a3 g4g5 h6h5 f7h7
r2qkbnr/1p3ppp/p2pp3/2p5/P2nPP2/2N4P/1PPP2P1/R1BQKB1R w KQkq - 0 9,a4a5 d8h4 g2g3 h4g3
5r2/8/p2N2k1/4p3/1P4pp/2P1nP1K/1P3R1P/8 w - - 0 40,h3h4 f8h8 h4g3 h8h3
5B2/2p4k/bp1p4/3P1p2/2r1nN1P/4PK2/6R1/8 b - - 3 36,e4f6 g2g7 h7h8 f4g6
r3R3/P1p5/2pk4/3b4/1PpB4/2Pp2r1/8/4RK2 b - - 1 38,g3g8 d4c5 d6d7 e1e7
6r1/p2b1Q1k/3p3q/2pP4/3np3/1P2N1P1/P4PK1/3R4 b - - 0 31,h6g7 d1h1 d7h3 h1h3
8/R4pk1/4q2p/2p3p1/8/2PNn1PP/4QPbK/8 w - - 0 40,e2e3 e6h3 h2g1 h3h1
k4R2/P1p5/1p2p3/1P1pP2q/3P4/2P3pr/6Q1/6K1 b - - 3 32,a8a7 g2a2 a7b7 a2a8
r4rk1/5pb1/p2p3p/2qP4/4PNQ1/Pp1P1N2/1P3PP1/1K5R w - - 1 26,f4h5 c5c2 b1a1 c2b2
7Q/p6p/1p3pp1/3n2kP/1b4q1/8/PP1NP3/R1B1K2R w KQ - 0 23,h8h7 g4g3 e1d1 d5e3
4r1k1/p1p1qpp1/2p3np/8/P3Q3/2N5/1PP2PPP/3rR1K1 w - - 0 21,e4e7 d1e1 e7e1 e8e1
5R2/1p3Qpk/1Pp3p1/3pq3/5P2/7P/6PK/1r6 b - - 0 36,e5e1 f7g8 h7h6 g8h8
4Q3/6kp/3r2p1/1rq1p3/4Pp2/2P4P/6P1/1R5K w - - 2 46,b1b5 d6d1 h1h2 c5g1
r1bq1rk1/ppppbpp1/5n2/6N1/4N2Q/3PP3/PP3PPP/R3K2R b KQ - 0 11,c7c6 e4f6 g7f6 h4h7
7k/5pp1/3b3p/3p4/1p1Pn2N/3Q2PP/1P3P2/r1qNR1K1 b - - 2 25,e4g5 e1e8 d6f8 e8f8
r2q1rk1/pb3p2/1p2pnNP/2pp4/5P2/2NQ4/PPP2PP1/R3K2R b KQ - 0 15,f7g6 d3g6 g8h8 g6g7
r4rk1/1R3p2/p2pR1pp/3P4/P4P1q/2Q5/6PP/6K1 b - - 3 30,h4f4 e6g6 f7g6 c3g7
6k1/1q6/5pP1/1p3P1K/p5P1/P1P5/1P5Q/8 w - - 2 59,h5h6 b7g7 h6h5 g7h8
2R5/5Rpk/p2rnp1p/rp2p3/6P1/7P/5PBK/8 b - - 1 39,a5a2 g2e4 f6f5 e4f5
r1b3k1/ppp2ppp/7q/4b3/4B3/3r2P1/PP1N1Q1P/R4R1K b - - 2 18,d3d2 f2f7 g8h8 f7e8
6k1/p5p1/1p4P1/2pr4/3p4/3Pr3/PPP5/2K2R1R b - - 0 29,d5g5 h1h8 g8h8 f1f8
5rk1/p1pR3p/1p2N1p1/4N3/8/4K3/PP5r/8 b - - 0 25,f8e8 d7g7 g8h8 e5f7
2r3k1/6pp/p1pQ4/3p4/2p1p1P1/2P1P1BP/P3KP2/1R5q b - - 2 33,h1b1 d6e6 g8h8 e6c8
r1b2bk1/ppp2p1p/7n/4n2Q/2B1p3/8/PPPP1qPP/RNBK3R w - - 0 12,h5e5 c8g4 c4e2 f2e2
r1b2r1k/bpp1qp2/p2p1n2/6Q1/1PP1B3/P1pP2P1/4PP1P/R4RK1 b - - 3 17,f8g8 g5h6 f6h7 h6h7
2r4r/pk1Q1ppq/8/4P3/5P2/4p3/P4N2/2R2K2 b - - 1 30,b7a8 c1c8 h8c8 d7c8
r2q1r1k/pb1p3B/1pn1p2Q/8/1P6/2b5/P4PPP/R4RK1 b - - 0 20,d8f6 h7g6 h8g8 h6h7
r5k1/1R3pp1/7p/3pP3/2pP4/r2q3P/P4QP1/R5K1 b - - 5 27,a3a7 f2f7 g8h8 f7g7
2r3k1/RQ3pp1/p3pn1p/3p4/2nP2P1/7P/4q1BK/8 b - - 1 31,c8e8 b7f7 g8h8 f7g7
1k2qr2/ppp2pR1/1nn3P1/3p4/3P1QB1/2P5/1P1N1P2/2K5 b - - 0 29,f7g6 f4c7 b8a8 c7b7
3k4/R2P4/2P1b3/7p/1P2n1p1/6P1/P4p1P/6K1 w - - 0 45,g1f1 e6c4 f1g2 f2f1q
rkb3nq/pp2b3/1n2p3/1Q4pp/P2PB3/4P3/1P3PPP/R3K2R b KQ - 0 19,g8f6 b5e5 e7d6 e5d6
5Qb1/1p4B1/6q1/6pk/5p1p/5P1P/6PK/8 b - - 9 44,g8f7 f8h8 g6h7 h8h7
r5k1/5ppp/6P1/3Q4/2p3K1/1r1b4/p7/R7 b - - 0 42,d3g6 d5a8 b3b8 a8b8
q2Q1rk1/pbR2ppp/1p6/2p2Q2/8/1P4P1/P4P1P/6K1 b - - 0 31,f8d8 f5f7 g8h8 f7g7
2r5/8/5p1R/4p3/4k2N/1P4P1/P1K2n1P/8 w - - 1 34,c2b2 f2d3 b2a1 c8c1
r4r1k/pp4p1/7p/8/P2PQ3/8/5qPP/1R2R2K w - - 2 25,b1b7 f2f1 e1f1 f8f1
2r3k1/5ppp/1q1N4/3Q4/1P6/4P3/5PPP/r4BK1 b - - 2 31,c8c1 d5f7 g8h8 f7e8
3r3k/R7/1p4R1/6P1/5P2/Pr6/6K1/8 w - - 5 66,g6f6 d8d2 g2f1 b3b1
2r2r2/3q1pk1/3bpnp1/6Q1/1PpP1P2/P5PR/7P/2R3K1 b - - 8 32,d6e7 g5h6 g7g8 h6h8
1br1r1k1/1pqn1ppp/p2N1n2/8/P3p3/2N1B3/1PP1QPPP/R3R1K1 w - - 2 17,d6e8 c7h2 g1f1 h2h1
2k2r2/ppp5/6pp/8/3n4/6P1/PP1P2PP/R1B3K1 w - - 0 21,d2d3 d4e2 g1h1 f8f1
r2q2k1/p1p1p1R1/1p1p3P/8/4p1Q1/8/PPP2r2/1K6 b - - 0 26,g8h8 g7h7 h8h7 g4g7
4r1k1/1p3ppp/p7/8/1P6/P1n1P2P/2r1N1P1/3RKR2 w - - 3 26,e2c3 e8e3 c3e2 c2e2
6k1/1p5p/p3n1p1/1P2P3/3b4/KP1B2QP/6P1/2r5 w - - 0 40,d3c4 c1a1 a3b4 a6a5
8/1p1k4/p1b5/5p1p/6pP/3PB1P1/P3rP2/2Q3K1 w - - 4 34,c1c5 e2e1 g1h2 e1h1
4r3/2R5/4k3/1p2P2p/3RbPp1/2p3P1/1p3KP1/8 b - - 3 42,b2b1q d4d6 e6f5 d6f6
2kr4/pp1n1Rp1/2p3p1/8/4n3/2B1q1P1/PPP1B1Pr/3RQ2K w - - 0 19,h1h2 d8h8 e2h5 h8h5
2k1r3/2p1Bpp1/2p1p3/8/1R3Pp1/3P3r/2P1K3/R7 b - - 3 31,e8e7 a1a8 c8d7 b4d4
r5k1/p6p/3pQp1B/4p1pq/2PpP3/2b4P/P1P2PPK/8 b - - 5 26,g8h8 e6f6 h8g8 f6g7
2k3nr/2p2ppp/2B5/R3P3/2P5/6P1/2brnP1P/5R1K b - - 0 20,c8d8 a5a8 d8e7 a8e8
r3r1k1/pR3ppp/8/2p5/1n6/5Q2/2P2PPP/4qBK1 b - - 3 23,a8b8 f3f7 g8h8 f7g7
5r1k/6p1/7p/p1PQ4/P7/6P1/2P1q2P/3R3K w - - 1 31,c2c4 f8f1 d1f1 e2f1
r2q1rk1/pp1n3p/2pnb1B1/3p4/3P4/6R1/PPQ2PPP/RN4K1 b - - 0 18,h7g6 c2g6 g8h8 g6h5
r1b2rk1/p4ppn/2p1pn2/1p1p2p1/3P2N1/2N1P2Q/PqPK1PP1/R6R b - - 1 16,e6e5 g4f6 g7f6 h3h7
7R/7P/2r5/5p2/p3bP2/k5P1/P4P1K/R7 w - - 3 40,a1d1 c6h6 h2g1 h6h1
6k1/pp3b2/1q1r1p1B/3p4/3P4/Q4P2/5KPP/4r3 b - - 1 35,d6e6 a3f8 g8h7 f8g7
6k1/4p2R/3p2p1/3P1bK1/2r3P1/2Pr1P2/8/7R b - - 6 38,d3f3 h7h8 g8f7 h1h7
8/R4p1k/4pqpp/8/5n2/3Q1P2/5P1P/4R1K1 w - - 2 33,d3c2 f6g5 g1f1 g5g2
r3r1k1/ppn2p2/6p1/3b2N1/1P1p1Q2/P4PP1/2P3K1/8 b - - 2 33,c7e6 f4f7 g8h8 f7h7
r7/pppb3k/3p3p/3Pp3/4N2p/3PP2q/PP2NPQ1/6K1 b - - 0 36,a8g8 e4f6 h7h8 g2g8
6r1/pp3pk1/2p3r1/4R3/3Pp3/2P4K/PPB5/5R2 w - - 1 36,c2e4 g8h8 e5h5 h8h5
5rk1/5ppn/2p4p/Q2bP3/2P2B1q/5N2/Pr3PPP/R2R2K1 w - - 1 22,c4d5 h4f2 g1h1 f2g2
q5k1/4ppbn/p2R2p1/2p1N1Pp/4P2P/5QB1/Pp6/1K6 b - - 0 35,e7d6 f3f7 g8h8 e5g6
3rr1k1/R4ppp/1pp1n3/1q6/3N4/3P2P1/2P2QKP/7R b - - 9 26,e6d4 f2f7 g8h8 f7g7
2kr2n1/p1p3Qp/2p3p1/3p3q/8/1P2P1Pb/PBPP3P/RN3RK1 w - - 3 16,f1f7 h5d1 g1f2 d1f1
3r3k/3N1pp1/4p2p/2Q1p3/8/P7/1PP4q/1K4R1 b - - 3 31,d8d7 c5f8 h8h7 f8g7
5rk1/3bq1b1/6pp/3p4/1p1P3Q/1P2PpR1/1P4PP/6K1 w - - 0 31,h4e7 f3f2 g1f1 d7b5
1r1r2k1/pbR2p2/1p4B1/3p1Nb1/4n3/8/PP3P2/5K1R b - - 0 29,f7g6 c7g7 g8f8 h1h8
6k1/1p3pp1/p6p/8/2N2PP1/P4R2/1q4rK/4Q3 w - - 0 35,h2h1 g2h2 h1g1 b2g2
2k1Q3/1ppq3p/r2b1B2/p2P1Pp1/8/P7/1P5P/4R1K1 b - - 4 29,d7e8 e1e8 c8d7 e8d8
3r2k1/p3Rpp1/7p/2p2Q2/2P5/3PK3/2q3PP/8 b - - 4 31,a7a5 f5f7 g8h8 f7g7
8/3k1r2/2R3pp/4R3/8/2p4P/P5r1/2K5 w - - 1 39,c6c3 f7f1 e5e1 f1e1
r2n1rk1/pp3ppp/3p1B2/3qp3/2B1P3/P4P1P/1P3P1K/3R2R1 b - - 0 18,d5d1 g1g7 g8h8 g7g1
r6k/pp5p/2n3pQ/5rN1/2B3qP/2p5/P6K/R4R2 b - - 5 26,f5g5 f1f8 a8f8 h6f8
3q1n1k/7p/1p2p3/p2p4/3P1B2/1P1K1P2/P1r5/6RR b - - 2 36,c2a2 f4e5 d8f6 e5f6
r2qnrk1/p2b3Q/4p1p1/3pB1bP/1ppP4/2P1P3/PPBN1P2/R3K2R b KQ - 0 18,g8h7 h5g6 h7g8 h1h8
r1bq2k1/p1pp1ppp/2pb1r2/6Nn/3P4/2P3PP/PPQ2P2/R3R1K1 b - - 6 18,h7h6 c2h7 g8f8 h7h8
3r3k/1p1P2p1/5p1p/3Q4/1P2P3/P6P/2r1qPP1/R2R2K1 w - - 3 34,d5e6 e2f2 g1h2 f2g2
1r6/7R/3R3p/1b2Pp2/6k1/2p1K3/1r5P/8 b - - 2 44,c3c2 d6g6 g4h5 h7h6
r4r1k/ppP3pp/2n1R3/8/2Bp4/1Qb2qP1/P4P1P/1RB3K1 w - - 2 19,c4d5 f3f2 g1h1 f2f1
3r1rk1/7p/Bp1p1ppB/2pPq2n/3bP3/5P2/PP1Q2PP/R3R2K w - - 2 24,f3f4 h5g3 h2g3 e5h5
4r1k1/p4p1p/1pp3p1/3n4/3BR1Q1/2P3P1/q4P1P/6K1 b - - 0 27,e8e4 g4c8 e4e8 c8e8
rn1q1rk1/pb2bppp/4pn2/1pp5/3PNB2/2PQ1N1P/PPB2PP1/R4RK1 b - - 1 13,c5c4 e4f6 g7f6 d3h7
1k1r3r/ppp2R1p/3p4/8/2Q5/4PK1P/Pq6/R7 b - - 1 23,b2a1 c4c7 b8a8 c7b7
3r2k1/2q1bb1p/p4ppQ/1p2p2P/4N3/P1Pr1PN1/1P4P1/2R1R2K b - - 2 33,e7f8 e4f6 g8h8 h6h7
3rr1k1/pb2bppp/1pq1nn2/1N6/5P1Q/2N2P1P/PPB3P1/R4RK1 b - - 6 20,f6d5 h4h7 g8f8 h7h8
4r1k1/pp3ppp/7q/3nN3/3p4/3P1QP1/PP3P2/2R3K1 b - - 10 26,e8e5 c1c8 e5e8 c8e8
8/4kpQ1/4p3/4P1P1/p2Pq2K/2P4R/P5rP/8 w - - 3 33,h4h5 e4g4 h5h6 g4h3
5rk1/1pR3p1/1p1p3p/1q1P2N1/1P6/P3R2P/3Q1rP1/7K w - - 0 29,d2d4 b5f1 h1h2 f1g2
r2qrnk1/pp1b2pB/4pb2/3pN2Q/1P1B2P1/P7/5P1P/R4RK1 b - - 0 21,f8h7 h5f7 g8h8 e5g6
3n2k1/p1p2rp1/1p1p3B/4p3/3qP3/P2P2RP/2P1Q1P1/7K w - - 8 26,e2g4 f7f1 h1h2 d4g1
r2q1r2/1p2np1k/p2pb2R/2p1p1pN/4P1P1/3P1Q1P/PPP3B1/R5K1 b - - 0 20,h7h6 f3f6 e7g6 f6g7
2NR1k2/5ppp/p3n3/1p6/6P1/1P4BP/Pq3bBK/4R3 b - - 2 35,e6d8 g3d6 f8g8 e1e8
3rr3/6pk/p2qpp1p/2p4Q/2Pp2R1/8/PP3PPP/3R2K1 b - - 3 29,d6e5 h5g6 h7h8 g6g7
1r3b1k/1q1n1Pp1/3p3p/p1pN1P1P/2pr4/2B5/PPP3Q1/1K4RR b - - 0 27,d4d5 c3g7 f8g7 g2g7
3r2k1/2p2ppp/p1Q1pq2/1p5r/3P3n/P1P3P1/1PB2P2/R4RK1 w - - 0 25,c6c7 h4f3 g1g2 h5h2
6k1/2p2p1p/2p2qp1/P1Q5/3p4/2PP3P/4rPP1/R5K1 w - - 0 25,a5a6 f6f2 g1h2 f2g2
4rknQ/pp4p1/2p2bP1/3pq1B1/8/8/PPPN4/2K2R2 w - - 6 27,g5f6 e5e1 f1e1 e8e1
r1b2rk1/pppp1ppp/6q1/2b1Pn2/2B1QP2/2P5/PP4PP/RNB2R1K w - - 5 13,c4d3 f5g3 h2g3 g6h5
r1b2qk1/p2p1ppp/1ppQ4/8/1B1P4/8/PP3PPP/4R1K1 b - - 3 20,f8d6 e1e8 d6f8 e8f8
2r3k1/5ppp/b3p3/p3N3/P2PBP1q/B3P3/2Q3PP/1R2b1K1 w - - 1 28,c2d1 h4f2 g1h1 f2f1
r2r2k1/pR3pnp/2p3p1/8/2PP2P1/3B1Q1P/P2q1P2/6K1 b - - 0 25,a8b8 f3f7 g8h8 f7g7
7k/pp3p1P/2p5/2P5/3b1P1q/4rQ1P/PP6/R4R1K w - - 0 25,f3g4 e3h3 g4h3 h4h3
1k1r1bnr/1p1q4/1P1p1p2/Q1p5/1P1pP3/3P3b/P4K2/R3R3 b - - 0 25,g8e7 a5a7 b8c8 a7a8
6k1/3Q3p/3nrbpB/5p2/4q3/8/3R2PP/3R3K w - - 0 38,d2d6 e4e1 d1e1 e6e1
8/2p5/1kNp4/1p1P3p/5rbP/1KP3R1/PP6/8 w - - 0 48,g3e3 g4d1 b3a3 f4a4
r4r1k/3n2p1/2p4R/p2q4/3P4/8/PPQ3P1/K6R b - - 0 28,g7h6 h1h6 h8g7 c2g6
r7/pp3k2/n7/5bP1/8/2B1Q3/1PP3qP/1K1R3R w - - 1 28,d1f1 g2c2 b1a1 c2a4
6k1/1b3r1p/p3p1pQ/3pP3/P1pP4/6PR/1q3r1P/1B2R2K w - - 0 33,b1g6 f2f1 e1f1 f7f1
6k1/1bR2pp1/p6p/1p6/q4P2/4p3/1P1Q1PPP/6K1 w - - 0 29,d2e3 a4d1 e3e1 d1e1
5rkR/2q1p3/3pPnp1/p2P1N2/1pp2Q2/8/PPP2P2/2K5 b - - 0 27,g8h8 f4h6 f6h7 h6g7
7k/p3Qnp1/1p3P1p/2p5/2q5/8/P4P2/6K1 b - - 0 43,c4a2 e7f8 h8h7 f8g7
8/2R2pkp/3p4/2b2PKb/7P/1r6/3p4/8 b - - 1 39,d2d1q f5f6 g7h8 c7c8
6k1/p2Q2p1/4p3/3p4/3Pp3/5qP1/PP5P/5B1K w - - 1 25,f1g2 f3d1 g2f1 d1f1
7k/4r1p1/6Pp/1pP5/3p2qP/1Q6/6P1/5R1K b - - 4 43,g4g6 f1f8 h8h7 b3g8
1k2r3/2p5/8/p2pP3/qPbPnQp1/B1P5/1K4P1/1NR1R3 w - - 1 40,e1e4 a4b3 b2a1 b3a2
r4r2/pp1bq1bk/2pp4/4N1Pp/2B1Pp2/3P3P/PPP1Q1RK/5R2 b - - 0 23,g7e5 e2h5 h7g7 h5h6
3rR1k1/5p1p/p1p2qp1/PpQ5/2P5/1P1r3P/5PP1/4R1K1 b - - 1 29,d8e8 e1e8 g8g7 c5f8
r4n1k/8/3B2nP/8/4P3/1R3P2/p1rN3R/1K6 w - - 0 39,b1a1 c2c1 d2b1 a2b1q
7k/pp6/7R/5N2/2p3P1/5BK1/6P1/2q3r1 b - - 0 34,h8g8 f3d5 g8f8 h6h8
6k1/pp3rp1/5b2/2B4Q/8/5P2/PPp1R2K/5r2 b - - 0 27,c2c1q e2e8 f7f8 e8f8
r2q2kr/pp2n1bp/2np2p1/2p2RN1/8/3P4/PPP1Q1PP/RNB3K1 b - - 0 12,e7f5 e2e6 g8f8 e6f7
7k/p4p1p/5Np1/4R1K1/1r6/3r3R/P6P/8 b - - 0 31,d3h3 e5e8 h8g7 e8g8
2r3k1/pp3ppp/8/5b2/3Q4/1Bn4P/P5q1/K1RR4 b - - 1 26,c3d1 c1c8 f5c8 d4d8
3r2rk/ppp1P2p/3p1n2/8/8/2qB1NPR/P1P3K1/7R b - - 1 25,d8e8 h3h7 f6h7 h1h7
8/6rp/2Q3k1/p2p2n1/2pP4/2P1qP2/P5PP/5R1K b - - 0 31,g6h5 g2g4 h5h4 c6h6
R7/6k1/5r2/3p2N1/p1nP2K1/6P1/7P/8 w - - 3 41,a8a4 c4e3 g4h5 f6h6
2kq4/1bp4p/pp2p3/5p2/4P3/P1Q2P2/1PP1r2P/2KR4 b - - 1 22,d8e7 c3h8 e7f8 h8f8
k5N1/1p2R3/p6p/P2p3b/1P5q/2P2Pb1/6P1/3R1KQ1 w - - 5 35,e7d7 h4c4 d1d3 c4d3
4q1k1/2p2pp1/p1bb3p/Pp5Q/1P1B4/1BP3PP/5P2/6K1 w - - 0 26,h5g4 e8e1 g1h2 e1h1
3qbk1r/5P2/2n1p1p1/p2pP2p/2pP1Q2/2P1B2P/r3BRP1/7K b - - 0 33,d8e7 f4h6 h8h6 e3h6
5k2/q5pp/p4n2/1p1p1Q2/5P2/PNN2PP1/1P4KP/6b1 w - - 2 32,c3d5 a7f2 g2h3 f2h2
8/1Q3pk1/p5p1/1p1p4/3N2Pp/PBP2PK1/1P1q4/8 w - - 0 46,g3h4 d2h2 h4g5 h2h6
2r2rk1/pp1b1p1p/6p1/3pPpQ1/3P1N1N/q7/P1Rn1PPP/2R3K1 w - - 2 22,f4d5 a3c1 c2c1 c8c1
b1n2B2/5p1k/4p1pp/P1K1P3/6q1/8/3Q4/8 b - - 3 42,a8d5 d2h6 h7g8 h6g7
2r5/pp2R3/8/1b1p1p1k/1P6/P4R2/2r3P1/6K1 b - - 1 36,h5g4 e7g7 g4h5 f3h3
1k4n1/1p6/p3p3/2QP4/8/5r2/Pq3P2/2RK1R2 w - - 0 28,d5e6 f3d3 d1e1 b2d2
7k/p1pR4/1p1p3p/4br2/5P1p/7K/P1r4P/4R3 b - - 0 34,e5f4 e1e8 f5f8 e8f8
3r4/p4kp1/2p1p1r1/3p4/4RP2/1P2P2K/P1P5/3R4 w - - 1 30,e4e5 d8h8 e5h5 h8h5
4r1k1/p4ppp/2Q2b2/1p2P3/7P/P2Pq3/1P4P1/1R3BKR w - - 2 25,g1h2 f6e5 g2g3 e3g3
6k1/p7/1p1p4/2pP1RPK/2P5/1P3R2/P6q/8 w - - 39 61,h5g6 h2h7 g6f6 h7f7
3r2k1/2R2pp1/3p3p/7q/2Q1PP2/4K3/6PP/8 b - - 4 34,h5h2 c4f7 g8h8 f7g7
7k/6rp/8/5p2/7q/2Q1P2P/P4R2/R5BK w - - 1 36,f2h2 h4e4 h2g2 e4g2
Rbk4r/1n3p1p/1P1q2n1/3p4/2PP2b1/1Q6/3N1PP1/2B1N1K1 w - - 1 24,c4d5 d6h2 g1f1 h2h1
r2qr1k1/ppn2p1p/3p2p1/2pPbbN1/P1P5/3B1Q1P/1P3PP1/R1B2RK1 b - - 3 16,f5d3 f3f7 g8h8 f7h7
8/p4Qp1/Ppp2p2/7p/3Pk1nP/2P3PK/1P4P1/4Nq2 w - - 5 34,f7h5 g4f2 h3h2 f1h1
q7/2p1k2P/5p2/4p1p1/1p1pPnQ1/2bP4/2P2P2/5K1R w - - 3 33,h7h8q a8a1 g4d1 a1d1
5rk1/p1p2ppp/2Q5/1B1p4/3P1Pn1/P1N1P1Pq/5P2/1R4K1 w - - 1 21,c3d5 h3h2 g1f1 h2f2
5r1k/4q1pp/p7/1p1P4/3Q4/6P1/1R5P/1R2r1K1 w - - 2 40,b1e1 e7e1 g1g2 e1f1
6k1/5pp1/7p/4Q3/8/2P5/r2q1PPP/4RK2 w - - 1 25,f1g1 d2f2 g1h1 f2g2
2r3k1/1R3pp1/4p2p/8/3P1Q2/2q3P1/2r2P1P/3R1K2 b - - 3 38,c3c6 f4f7 g8h8 f7g7
r1b2rk1/2q1bp2/p2pp1PP/2p5/4PP2/1PpP2Q1/1PP1N3/R3K2R b KQ - 0 19,f7g6 g3g6 g8h8 g6g7
5rk1/pp2q2p/1b1p2p1/4pr2/3P2Q1/2B5/PPP3PP/3R1R1K w - - 0 23,d4e5 f5f1 d1f1 f8f1
7k/p7/1p1pQ2p/3Rp3/5q2/P6P/2r2PP1/3R2K1 w - - 0 31,d5d6 f4f2 g1h2 f2g2
r2q1rk1/p1p2p2/4pP1p/3p2p1/Q6B/P3P3/5PPP/R4RK1 b - - 0 18,g5h4 a4g4 g8h7 g4g7
5rkb/pb2Qp2/2p3p1/4p3/3pP3/2Nq4/PP3RPP/5R1K w - - 0 24,f2f7 d3f1 f7f1 f8f1
5k2/Q1P5/5n2/2Kp1B1p/3P4/2r2P2/P2b2PP/8 w - - 1 39,c5d6 d2f4 d6e6 c3c6
r5r1/1p3k1p/p2R2b1/4R3/5KPP/8/PP6/8 b - - 0 35,a8f8 d6d7 f7f6 g4g5
8/1R6/6p1/8/2R4n/6kP/r7/6K1 w - - 5 42,c4h4 a2a1 b7b1 a1b1
r1bqk2r/ppppn2p/2n2Pp1/2P4Q/2B5/8/PPP2PpP/RNB1R1K1 b kq - 0 10,g6h5 f6f7 e8f8 c1h6
r4rk1/ppp3p1/3p4/3Pp2B/1b2P1RB/1K1q1p2/PP3P2/R1Q5 w - - 0 30,b3b4 a7a5 b4a4 b7b5
r5k1/1pp3pp/4P3/p2p2q1/3P4/2P2Q2/2P3P1/3R2K1 b - - 0 25,a8e8 f3f7 g8h8 f7e8
6k1/r4p1p/p5N1/1p5Q/8/8/PqP3PP/4R2K b - - 0 26,h7g6 e1e8 g8g7 h5h8
5r1k/1pp2rp1/1p1pQ2R/4p3/3PPn2/2P1Bq1P/PP3P1K/6R1 b - - 0 23,g7h6 e6h6 f7h7 h6f8
r4qkr/1b1nb1p1/p1p1NnQ1/1p5p/3PPB2/2N3R1/PP3PPP/R5K1 b - - 7 20,f8f7 g6g7 f7g7 g3g7
3qkr2/1pp4R/3pbp2/1Q6/r3P1P1/3p4/8/4K3 b - - 0 32,e6d7 b5h5 f8f7 h5f7
6k1/6r1/p1nqpQ2/1p1b1p2/3p4/1PPB4/P5PP/4RRK1 w - - 1 30,g2g3 g7g3 h2g3 d6g3
2r4k/pb2q1p1/1p2prP1/3p1pP1/3P1P1Q/2PB4/PP6/2K5 b - - 1 26,h8g8 h4h7 g8f8 h7h8
6k1/1p3p1p/p2b2p1/4N3/1P1P3P/P2Q2P1/4RP1K/q1r5 w - - 7 44,e5f3 c1h1 h2g2 a1f1
r4rk1/pp4pp/1q1pp3/8/2p1P3/2NP2QP/PP4P1/R1B3K1 w - - 0 18,g1h1 f8f1 h1h2 b6g1
7r/4kp2/p7/1pQpP3/1Pp5/P4P2/4KP2/7q b - - 3 38,e7e6 c5d6 e6f5 d6f6
1k6/pP6/5q2/3B4/3pP1Q1/P2P2p1/2P5/5K2 w - - 1 39,f1g2 f6f2 g2h3 f2h2
r1b1k2r/pp3p2/1qp1p2p/4P1p1/2nPP3/b1N3BP/PPP1N1P1/2KRQ2R w kq - 1 17,c3a4 a3b2 a4b2 b6b2
7R/1pp2kp1/1p5p/5Pn1/8/1P4Bb/1Pr4P/4R2K w - - 1 33,h8e8 h3g2 h1g1 g5f3
1k1r3r/pp5p/2p2q2/Q6p/8/5P2/1PP5/1K1R3R b - - 1 26,f6f3 d1d8 h8d8 a5d8
r4r1k/1p2Nppp/p1p3N1/4p3/1PBbP1K1/P2P4/2P5/5R2 b - - 3 24,f7g6 e7g6 h7g6 f1h1
rnb4k/2p1br1B/p1n1p1Qp/1p1q3N/3P4/8/PP3PPP/R4RK1 b - - 1 21,f7h7 g6e8 e7f8 e8f8
2r4r/pp4pp/6b1/8/7k/5R2/PPP4R/2K3N1 b - - 1 30,h4g4 h2g2 g4h5 f3h3
6k1/4bppp/p3p3/qp6/1n6/2r5/PP1BQPPP/1KR4R w - - 0 26,c1c3 a5a2 b1c1 a2a1
r2q2k1/3b1Rp1/1b2p1Qp/p2pP3/1ppP4/2P1n3/PP1NB1PP/7K b - - 1 21,d8g5 f7g7 g8h8 g7h7
8/5p2/3Kp1k1/2Nr4/1n1P4/P7/3R4/8 w - - 1 48,d6e7 b4c6 e7f8 d5d8
r5kR/pb3p2/1npq1Pp1/1p4Q1/3P4/8/PP5P/2R3K1 b - - 2 31,g8h8 g5h6 h8g8 h6g7
8/7p/2R5/6pk/8/2P2KP1/6r1/8 b - - 1 37,g2c2 g3g4 h5h4 c6h6
5rk1/ppq1p2p/8/6N1/3b2bP/3Bp3/P1P3K1/1R1Q4 w - - 0 24,d1g4 f8f2 g2h3 c7h2
r3kr2/ppp1n1pp/3qQ3/5pN1/6n1/8/PP1PRPPP/R1B3K1 w q - 5 17,h2h3 d6h2 g1f1 h2h1
r5k1/pR5p/2p1p1p1/4b2n/8/5QP1/5P1K/4q3 b - - 0 30,h5g3 f3f7 g8h8 f7h7
1R4Q1/4q1p1/4p1k1/2p4p/4P2P/r1PP4/5PP1/6K1 w - - 2 31,b8e8 a3a1 g1h2 e7h4
8/2q2pk1/p4r1p/r7/4Q3/3B3P/5PP1/4R1K1 b - - 6 41,c7d6 e4h7 g7f8 h7h8
1qkr3r/1p4Rp/4p3/Q2p4/1P2P3/P7/5nK1/8 b - - 3 29,h8g8 a5c5 b8c7 c5c7
5r1k/2p3p1/pq5p/1p2p3/8/1BP3QP/PP4P1/3R3K w - - 2 30,d1d7 f8f1 h1h2 b6g1
6k1/5p2/4p2p/1P4p1/8/2P2QPq/1r2bP2/4R1K1 w - - 0 46,e1e2 b2b1 e2e1 b1e1
8/pp4pp/4Q3/3pP1k1/2pPp2P/1PP1KbP1/P1q5/2B5 b - - 0 33,g5h5 e6f5 g7g5 f5g5
1r4k1/2p3pp/R2p4/3Pp1Q1/2P1P3/8/3Bq1PP/Rr4K1 w - - 1 35,a1b1 b8b1 d2c1 e2e1
5R2/pp4B1/2k1p2p/4P2P/2p2b2/2P5/PP2r3/1K6 w - - 6 34,f8f6 e2e1 b1c2 e1c1
7Q/3pkppp/4pn2/2b5/8/2B5/1PPNqPBP/6K1 w - - 1 22,h8g7 e2f2 g1h1 f2g1
5r1k/1p2R3/p1p2nQ1/8/7P/8/1q3PPK/3r4 b - - 4 30,f8g8 g6h6 f6h7 h6h7
5rk1/p4ppp/7r/P4P2/2Q5/6q1/6PP/5RRK w - - 1 27,h2h3 h6h3 g2h3 g3h3
5B2/7p/8/3b2p1/4pkP1/P2p3P/2r2P2/4R1K1 b - - 4 45,d3d2 f8d6 f4f3 e1e3
5rk1/1p1bQ1pp/3N4/3p3r/p4P1q/7P/PP4P1/4RR1K b - - 1 25,d7h3 e7f8 g8f8 e1e8
r2qr1k1/pppb1ppp/8/3p3Q/8/1P1Pb2P/PBPN2P1/R4R1K b - - 1 16,e3d2 h5f7 g8h8 b2g7
5rk1/pp4p1/4P1Qp/5n2/3B4/2P2R1P/6PK/3q4 b - - 0 31,f5d4 f3f8 g8f8 g6f7
r5k1/6pp/4Q3/8/1pr2p2/8/PP3qPP/4R2K b - - 1 29,g8h8 e6e8 a8e8 e1e8
6k1/6pp/p4n2/2B3Q1/2P1r3/1P1q4/P5PP/5RK1 w - - 0 36,f1f6 e4e1 f6f1 e1f1
5R2/p1p3rk/8/3P2qr/8/1P1Q4/P4KP1/8 b - - 6 42,h7h6 f8h8 g7h7 h8h7
6k1/4qppp/2B1r3/1P1Q4/8/8/5PPP/1R4K1 w - - 3 34,d5d7 e6e1 b1e1 e7e1
r1b3k1/ppp2p2/6p1/1Qn3P1/2PqN3/3p2P1/PP2r3/R4K1R b - - 1 21,c5e4 b5e8 g8g7 e8h8
7k/p5pp/5n2/8/3R4/3P4/pr3PPP/R5K1 w - - 2 28,d4a4 b2b1 a1b1 a2b1q
3qr1k1/pp1n1ppp/3brn2/2ppN3/5B2/1N1P1Q2/PPP2PPP/R3R1K1 w - - 11 16,e5d7 e6e1 a1e1 e8e1
r3kb1r/1p4p1/pq1ppP2/8/5P2/2NB1P1p/PPP3K1/R2QR3 w kq - 0 20,g2h2 b6f2 h2h1 f2g2
r1r1b2k/1pq3pp/3p1p2/4pP2/3pP1Q1/PB5R/1PP3PP/R6K b - - 5 25,h7h6 h3h6 g7h6 g4g8
r1b4r/pppkbQpB/4p3/3p4/7q/2P5/PP3PPP/RN2R1K1 b - - 4 18,h4h7 f7e6 d7e8 e6e7
3rR1k1/pbbq2r1/1p4Q1/2pP3p/2P5/7P/PPB2PP1/4R1K1 b - - 2 28,d8e8 e1e8 d7e8 g6e8
b7/3R1pk1/p4p1p/4P2q/5P2/1Q5P/PP4P1/7K w - - 1 36,b3b8 h5h3 h1g1 h3g2
1r2r1k1/5ppp/pqN2b2/8/3P1Q2/8/1P3PPP/R1B2K2 w - - 5 23,c6b8 b6b5 f1g1 e8e1
r2r2k1/p4pBQ/1n2pPp1/1p6/2pqbR2/1P1B4/P5PP/3R3K b - - 0 30,g8h7 f4h4 h7g8 h4h8
r4r2/p1p1k2p/bp3q1p/4p2B/4PP2/1Q6/P5PP/3R1RK1 w - - 1 20,f4e5 f6f1 d1f1 f8f1
r2q1rk1/ppp2pp1/1n2p3/4P2Q/2P4R/P3B3/1P2n1PP/RN4K1 w - - 1 17,g1h1 d8d1 e3g1 d1g1
1k6/ppp3p1/2n5/1B6/3P4/1QP1KPP1/1PR4r/1q6 b - - 6 29,b1c2 b3g8 c6d8 g8d8
r1bQR3/p5pk/3b3p/2p2r2/3p1pq1/1P1P1N2/P1P2PPP/R1B3K1 w - - 8 23,f3h4 g4d1 e8e1 d1e1
2r4k/6p1/1b5p/3B4/p3bp1q/PQ5P/1P4P1/3R1R1K w - - 0 26,b3b6 h4h3 h1g1 h3g2
1R6/6pk/p2P3p/3n1q2/P2Bp3/4Q2P/2P3p1/6K1 w - - 2 40,e3g3 f5f1 g1h2 f1h1
r3r1k1/1bp3p1/p1n1pN2/4P1N1/3q3Q/8/1P3PPP/2R1b1K1 b - - 3 24,g7f6 h4h7 g8f8 h7f7
r2r2k1/p3qppp/1p6/5Q2/1P2n3/P3PbP1/2B2P1P/R3K1R1 b Q - 2 20,e4d2 f5h7 g8f8 h7h8
8/pk3N1r/1p4K1/8/2R5/8/2p5/8 b - - 1 59,h7h2 f7d6 b7a6 c4a4
2k5/ppp4R/8/5p2/8/2P2K2/PBr1r2P/3R4 b - - 1 23,c2b2 h7h8 e2e8 h8e8
5r1k/1pp3p1/p3b2p/4P1b1/3P4/PQP5/1P4PP/6K1 w - - 0 25,b3e6 g5e3 g1h1 f8f1
6r1/p1p4p/2p5/8/Pk1b4/RP6/3P1PbK/2B2R2 w - - 0 24,f1g1 d4e5 f2f4 e5f4
r1bq1rk1/pp2b1p1/2n1p3/2Ppp1NQ/7P/2N5/PPP2PP1/R3K2R b KQ - 3 14,f8f5 h5h7 g8f8 h7h8
rn3rk1/p1p2Npp/1p3n2/5b2/4pq2/1QP5/PP3PBP/3RR1K1 b - - 0 16,f8f7 d1d8 f6e8 d8e8
r1b1k2r/ppppBppp/2n5/3Q1N2/2B1Pq2/8/Pb3PPP/RN3RK1 b kq - 5 12,c6e7 d5f7 e8d8 f7e7
rk3b1r/pp3ppp/8/3np3/8/8/1B3PPP/2R2RK1 b - - 3 19,d5f6 b2e5 f8d6 e5d6
2rqk2r/3p1p2/pb2p3/1p2N3/1P4p1/P1nQP3/2P2PPB/2R2R1K b k - 1 22,d8h4 d3d7 e8f8 d7f7
4r1k1/5ppp/p5r1/1p6/3Np3/P1P1P1qb/1PQR2P1/5R1K w - - 0 28,g2h3 g3h3 d2h2 h3f1
4rk2/6pp/p3P3/3p4/2n2Q2/p2N4/5KPP/1r6 b - - 4 37,f8g8 f4f7 g8h8 f7e8
6k1/1r4pp/Rp2q3/2p5/2PpP3/5QP1/5PK1/8 b - - 3 34,e6c4 a6a8 b7b8 a8b8
7k/R7/6Rp/5p1P/5P2/2P1p1N1/5rr1/5K2 w - - 2 38,f1e1 g2g1 g3f1 g1f1
r4b1r/p1RR3p/kp3p2/1P2p1p1/2P5/P3P3/6PP/2K5 b - - 0 22,a6a5 c7a7 a8a7 d7a7
5b1k/pQ6/7p/6p1/3P4/4P3/PP4B1/3q2K1 w - - 1 31,g1h2 f8d6 h2h3 d1h5
r2r2k1/2q2p2/p6B/1pb1p3/P1p1b3/2P2N1P/1P3RP1/R1Q3K1 b - - 2 23,e4f3 c1g5 g8h7 g5g7
rk2R2r/pp4q1/2nN4/3N3p/6p1/8/PPP2PPP/4R1K1 b - - 1 24,h8e8 e1e8 c6d8 e8d8
4b1k1/pR2QNp1/4pn1p/3p4/5q2/5BPP/P4P1K/2r5 b - - 0 29,f4f3 f7h6 g7h6 e7g7
3R4/p5k1/5n2/2N4p/P7/1P2r3/6PK/8 w - - 3 50,d8a8 f6g4 h2g1 e3e1
7k/R7/3p2K1/4b1pp/p7/5P2/Pn5r/8 b - - 1 39,e5g7 a7a8 g7f8 a8f8
rn1q1r2/p4p1k/2pp4/1p2p1R1/4P3/1PPP1P2/1P1Q1P1P/R3K3 b Q - 0 18,f8g8 g5h5 h7g6 d2h6
2rqr1k1/pp2pp2/1bbp1npB/8/4PN2/PQ1P3P/1P4P1/1R3R1K b - - 1 21,g8h7 b3f7 h7h6 f7g6
r4rk1/1b3p1R/1p2p2B/p1pnN3/P2P3q/2PB4/2P2PPP/R5K1 b - - 0 21,f7f5 h7g7 g8h8 e5g6
r7/1R6/3p3p/1kpNb3/1p3pP1/1P3P1P/r2R2K1/8 b - - 3 42,b5a6 b7b6 a6a5 d2a2
1r2q2r/kRpbb1p1/p2p3p/Q2Pp3/2P1PpPP/R4P1N/PP4B1/2K5 b - - 0 26,b8b7 a5a6 a7b8 a6a8
1r4rk/pp5p/4Q3/8/2p5/8/q4PPP/4R1K1 b - - 0 26,b8e8 e6f6 g8g7 e1e8
8/5k2/3Br3/1R2PKpp/p7/8/PP3r1P/8 w - - 4 40,f5g5 e6g6 g5h5 f2h2
3rr1k1/2R2pp1/7p/p6Q/1p5P/8/q5P1/5R1K b - - 0 33,b4b3 h5f7 g8h8 f7g7
6k1/5pp1/1q5p/4Q3/1P6/2P5/3r1PPP/3B1RK1 w - - 1 31,f1e1 b6f2 g1h1 f2g2
r1bk1b1r/p4ppp/4pn2/1Np5/1n2pN2/4B3/PPP2PPP/3RKB1R b K - 5 11,d8e7 e3c5 e7e8 b5c7
2N2r1k/pp1b1ppp/3p3q/8/2Q3n1/5N2/PPP3PP/1K2R3 b - - 0 23,f8c8 c4c8 d7c8 e1e8
rnbq1rk1/4bp2/p2p1n1B/1p6/2p1P3/1BN4P/PPPQ1PP1/R3K2R b KQ - 0 13,f8e8 d2g5 g8h7 g5g7
1r3rk1/2q1npBp/2np2p1/p1p1p3/1p2P1N1/2PP1QPP/PP3PB1/R4RK1 b - - 0 18,g8g7 f3f6 g7g8 g4h6
r3k1r1/pp5Q/8/3p2q1/3Ppp2/4N1P1/PP3PKP/2R5 w q - 0 28,e3d5 f4f3 g2f1 g5c1
8/5Qpk/3N3B/p3b3/8/1P5P/P4qPK/8 w - - 1 28,h2h1 f2e1 f7f1 e1f1
r1b2rk1/ppppqppp/2n4n/6N1/2B1N3/4P3/P1Q2PPP/2R2RK1 b - - 7 15,d7d6 e4f6 g7f6 c2h7
1kr5/1p3pp1/7p/1N6/P3n1P1/1PN1R2P/3r4/6K1 w - - 12 37,c3e4 c8c1 e3e1 c1e1
5Q2/2p5/6pk/p2p1p2/3p1P2/1P2P3/1qPK2P1/8 b - - 2 33,h6h5 f8h8 h5g4 h8h3
2r3k1/5ppp/Q3pqb1/1p6/8/1P3P2/P1r1R1PP/4R2K b - - 0 31,c2e2 a6c8 f6d8 c8d8
r4r1k/2q2p2/4p1np/p3P2N/3P4/2b1Q3/P1p2PP1/R4RK1 b - - 5 28,c3a1 e3h6 h8g8 h5f6
r2q1r2/pp3p1k/5p1p/2b1p3/3p2P1/2NP4/P1P2PP1/R1Q1K2R b KQ - 0 18,f8h8 c1h6 h7g8 h6h8
r2q1r2/pb2npkp/1pn1p1p1/8/4P1N1/1pN1Q2P/PPP2PP1/R4RK1 b - - 1 16,h7h5 e3h6 g7g8 g4f6
r1bq1rk1/pp2nppp/4p3/2p4Q/3nNP2/3B2P1/PPPP3P/R1B1K2R b KQ - 6 13,c5c4 e4f6 g7f6 h5h7
k6r/6b1/2Q4p/pR4p1/8/2q3PP/PR5K/8 b - - 0 44,c3c6 b5a5 c6a6 a5a6
3rr1k1/2R2pp1/7p/1q6/1N2p3/1Q2N3/P3bPPP/6K1 b - - 0 29,d8b8 b3f7 g8h8 f7g7
6k1/5pp1/p1P2n1p/1p2pQ2/2r5/2q4P/5PP1/3R2K1 b - - 1 32,c4c6 d1d8 f6e8 d8e8
k2r4/1b4Qp/p7/3r4/8/8/5PPP/1R4K1 w - - 1 32,g2g3 d5d1 b1d1 d8d1
1r1q1rk1/2p2p2/p5bQ/1p1p4/6N1/4R3/P4PP1/6K1 b - - 4 25,f8e8 e3e8 d8e8 g4f6
r3bk2/1R3p1p/4pBpn/3pP3/2pN1PP1/2P4P/8/6K1 b - - 7 30,h6g8 d4e6 f7e6 f6g7
1r6/8/8/7p/4RN2/5P1K/1pr2kPP/1n6 b - - 7 60,b1c3 f4d3 f2g1 e4e1
2R5/5pp1/p3p1k1/3p2p1/3PqPP1/b2pP2Q/5K1P/8 b - - 2 39,d3d2 h3h5 g6f6 h5g5
r1bq3k/pp3Qbp/3p2p1/4p3/3nB2P/P3N3/1P3PP1/3R1RK1 w - - 1 24,e4d5 d4e2 g1h1 d8h4
5rk1/R5pq/2p1p3/2P5/3P4/6P1/4QNbr/R5K1 w - - 0 41,f2g4 h2h1 g1g2 h7h3
Q7/2p4k/p3q1pp/6p1/3Pb3/P6P/6P1/5R1K w - - 1 39,a8f8 e6h3 h1g1 h3g2
r6k/1bp1rp2/pq2pp2/1p5Q/1P1P4/P2BP3/5PP1/2R1K3 b - - 1 28,h8g7 h5h7 g7f8 h7h8
r5k1/ppq2r1R/6p1/4PnP1/2Qp4/2N1P3/PP3P2/2K4R b - - 0 28,c7c4 h7h8 g8g7 h1h7
r1b1k2r/ppp2p2/5np1/3PpP1p/2BbP3/2N2K2/PP4PP/R1B4R w kq - 0 16,f5g6 c8g4 f3g3 h5h4
6k1/pp3ppp/8/3pPpP1/5Qn1/1P5P/q1r4r/2R2RBK w - - 5 29,g1h2 c2h2 f4h2 a2h2
r1b2r1k/2p1qpR1/p5pB/1p1Pp2N/7b/1P3P2/P4P1P/R5QK b - - 1 25,g6h5 g7h7 h8h7 g1g7
2nr2k1/p1R2pb1/1p2p2p/1q6/8/5QP1/PP3P1P/6K1 b - - 1 32,b5d5 f3f7 g8h8 f7g7
6k1/pp4pp/4p3/2qpn3/8/2N3RP/PP3rP1/4Q2K w - - 1 23,e1e5 f2f1 h1h2 c5g1
7r/3Rnkp1/p4pp1/2Q1p3/4P1P1/2P1BN2/P4P2/1q4K1 w - - 6 32,g1g2 b1h1 g2g3 h8h3
rn3b1r/pp2k3/2p3n1/4p1pp/2B1P3/5P1P/PPP2P2/R1BR2K1 b - - 0 15,g5g4 c1g5 e7e8 d1d8
6k1/ppr3p1/2p2NR1/4qp2/8/7P/PP2p3/6RK b - - 1 38,g8h8 g6h6 g7h6 g1g8
5r1k/p3Nppp/8/4Q3/8/8/Prq2PPP/R3R1K1 w - - 0 23,a1c1 c2f2 g1h1 f2g2
5r1k/5p1p/3p2p1/Q1pB4/4PPbq/2P5/Pr4PP/R3R1K1 w - - 3 26,c3c4 h4f2 g1h1 f2g2
r2q2k1/1pp2p1p/3p2p1/p2P4/1PPb4/P2B1N1b/2Q2P2/4R1K1 w - - 0 23,f3d4 d8g5 g1h2 g5g2
rn3r1k/pb2qBpp/1ppb2N1/8/3P4/2N1PQ2/PPP3PP/R4RK1 b - - 2 14,h7g6 f3h3 e7h4 h3h4
5rk1/2p1b1p1/2qpP1P1/p7/1p3B2/7Q/PPP2rRP/6RK b - - 6 28,f8f4 h3h7 g8f8 h7h8
k3r3/pp1q1bp1/2pB1p1p/2P2P2/Q3pRP1/P7/1PP5/2K5 b - - 2 30,e4e3 a4a7 a8a7 f4a4
8/p7/8/2p3PR/2P1p3/kPKp4/P2R2P1/5r2 w - - 2 39,g5g6 f1c1 d2c2 c1c2
r7/1p2kp1p/p3bp1Q/2qpp3/3n4/PB1P2PP/2P3P1/R5KR w - - 1 21,g1h2 d4f3 g2f3 c5f2
r5kR/1b3p2/p3pPp1/3pP1Q1/Pq1r4/8/6PP/R2B2K1 b - - 0 31,g8h8 g5h6 h8g8 h6g7
4r1k1/1b3Rpp/1p2N3/8/p1P5/7r/6P1/5RK1 b - - 1 34,h3e3 f7f8 e8f8 f1f8
6k1/2p3p1/4p2p/2P1N3/3Ppn2/1Q6/4qP1P/6KR w - - 0 28,h2h4 e2e1 g1h2 e1f2
r1b1k2r/p2p1ppp/1pq2n2/P3p3/1P2P3/N1Pn1P2/B2P2PP/R1BQ2KR w kq - 2 19,b4b5 c6c5 g1f1 c5f2
rnb2k2/ppqn1p1B/5p1p/8/3pQb2/2P2N2/PP3PPP/1K2R3 b - - 1 20,d4c3 e4e8 f8g7 e8g8
1R1r2k1/5pp1/p3p2p/2p1PP2/2P3P1/q4Q2/7P/3R2K1 b - - 0 28,a3f3 d1d8 g8h7 d8h8
rn2kr2/1P2n2R/6p1/8/8/2Q5/1PP2PP1/q1NK4 b - - 1 25,a8a5 c3c8 e7c8 b7c8q
2R5/p5kp/1n1q1bp1/1p1Np3/1P2Q3/P7/1B3PPP/6K1 w - - 1 26,d5f6 d6d1 e4e1 d1e1
6k1/2q2pbp/p1r1p1p1/8/RBpP1P1Q/2P4P/P1r3P1/4R1K1 b - - 6 30,c7b7 h4d8 g7f8 d8f8
7r/p5p1/2k1pn2/3p3r/2pP4/1PN1BPq1/P4R1P/2R3K1 w - - 0 28,h2g3 h5h1 g1g2 h8h2
r7/pp3ppk/3N3p/3p1N2/1P3P2/8/P3rn1P/5KR1 b - - 9 29,e2a2 g1g7 h7h8 d6f7
5k2/3NR3/4K3/8/2P5/2n4P/1r6/3q4 b - - 3 52,f8g8 d7f6 g8h8 e7h7
8/pR5p/2p3pk/8/rP3KPP/8/8/8 b - - 0 35,a4a1 g4g5 h6h5 b7h7
2r4k/5p1p/3pq3/Q7/2P3R1/P6P/KP6/8 b - - 4 31,c8c4 a5d8 e6e8 d8e8
8/4pkqP/4bb2/2p4B/5Q2/4P1B1/5PPK/r7 b - - 10 41,f7f8 f4b8 e6c8 b8c8
5b1r/p1P1kppp/1q6/4p3/Q7/8/Pr3PPP/RN2K1NR w KQ - 1 17,c7c8q b6f2 e1d1 f2f1
r2q2kr/4b1pp/p1Q1Bn2/1pn3N1/2p5/P7/1PP3PP/R1B1K2R b KQ - 7 20,c5e6 c6e6 g8f8 e6f7
5rk1/p3p2p/4bnBP/2pp2Q1/3q2P1/1P6/1PP5/1K5R b - - 0 29,h7g6 g5g6 g8h8 g6g7
4r1k1/p2Q1pp1/3b2bp/2pP4/8/1B3N1P/P3qPP1/3R2K1 w - - 5 32,d1e1 e2e1 f3e1 e8e1
r5rk/2pb1p1p/5PpQ/3pP3/p1qR4/2Pp4/2P3PP/4R1K1 b - - 0 28,c4c3 h6h7 h8h7 d4h4
r2q1rkn/1p1b2p1/p2b1n2/3NpPN1/2ppP3/7Q/PPPB2PP/R4RK1 b - - 1 19,h8f7 d5f6 g7f6 h3h7
1r2r1k1/1pb3p1/pN1q3p/P1p5/3P4/Q4n1P/5PP1/RR2B1K1 w - - 0 27,a3f3 d6h2 g1f1 h2h1
2r5/p2R4/1p3Bp1/5p1k/8/2P2P1r/P4P1P/7K b - - 4 32,h3f3 d7h7 h5g4 h7h4
7k/1Qp5/pp1p4/4p1p1/1P5p/P1P4P/6P1/r4rBK w - - 5 34,b7c7 f1g1 h1h2 g1h1
6nr/1pk1b1pp/p1p1p3/P3P3/1P2p3/4B3/5PPP/3R2K1 b - - 0 20,e7b4 e3b6 c7c8 d1d8
7k/7P/6P1/6K1/8/8/b7/8 b - - 10 69,a2b3 g5h6 b3d1 g6g7
3r1k1r/p2qp1b1/2pRQpp1/2B4p/8/1B6/PPP2PPP/4R1K1 b - - 0 23,e7d6 c5d6 d7d6 e6f7
r5r1/pppk1pP1/2n1qB2/2b2b1Q/2p5/2Pp1N2/PP1N1PPP/R3K2R w KQ - 5 16,e1f1 e6e2 f1g1 e2f2
3r1rk1/pppB1p1p/5p2/3P1Q2/4R3/2P2K2/q1n2PPP/8 b - - 5 21,a2b3 e4g4 g8h8 f5f6
3r2k1/p7/2N4p/6p1/4p2n/2B4P/Pr6/5R1K b - - 1 32,b2c2 c6e7 g8h7 f1f7
4Q3/p5pk/3p2r1/P3p3/4P2p/5rqP/2P3P1/1R4RK w - - 0 32,b1b8 g3h3 g2h3 f3h3
8/2R4p/2p3pk/1p6/1P3PP1/7P/r7/3bK3 b - - 1 37,d1f3 g4g5 h6h5 c7h7
3k4/1p2r3/p4p2/2pP4/P5p1/2N5/1PP3PP/5R1K w - - 0 29,f1f6 e7e1 f6f1 e1f1
1k6/2p4R/1p4p1/p2p2N1/5P2/r4B2/8/bK6 b - - 0 45,d5d4 h7h8 b8a7 h8a8
2Q5/6pk/3p3p/2B2p1r/7q/P4P1P/1P3P1K/3R1R2 w - - 0 28,f1h1 h4h3 h2g1 h3h1
r2r2k1/p4ppp/B7/2P1B3/4Q3/P3P2P/2pq1PP1/R4K1R w - - 0 21,e5b2 d2d1 a1d1 c2d1q
2r2rk1/pp1qnpb1/8/6p1/8/Q1P5/PP3PPP/R1B1R1K1 w - - 0 20,e1e7 d7d1 e7e1 d1e1
4r3/pp2Pkpp/2p5/6r1/3PQ3/2q4P/P1P3K1/3RR3 w - - 6 32,g2h2 c3g3 h2h1 g3h3
KR6/3q2p1/1P5p/6kP/8/5B2/6P1/8 w - - 11 57,f3b7 d7a4 b7a6 a4a6
8/8/7p/5n2/1R4P1/5Pk1/r7/6K1 w - - 0 43,g4f5 a2a1 b4b1 a1b1
6k1/4bppp/4p3/3pP1N1/1ppq1PPP/r7/2Q1B1K1/7R b - - 1 24,d4f4 c2h7 g8f8 h7h8
3rr1k1/1ppn1p2/1p1p2pP/3Q4/8/2P1q3/PP4RP/5R1K b - - 1 29,e3e4 d5f7 g8h8 f7g7
R3Q3/4n3/1p1pkr2/p3p3/4P3/1N2q3/PPP5/1K5R w - - 6 34,h1h7 f6f1 b3c1 e3c1
B5k1/2p4p/5p1B/1p6/3p4/1P1P4/2q1RKPP/q7 b - - 1 27,c2d3 a8d5 g8h8 e2e8
7k/5Qpp/1p1P4/8/p4P2/q5PK/8/8 b - - 0 46,a3d6 f7e8 d6f8 e8f8
rnbq1bnr/ppp4p/k7/3p3Q/P2Pp3/8/1PPN1PPP/RNB1K2R b KQ - 2 11,g8f6 h5e2 b7b5 e2b5
3r2k1/4Rpb1/p1N5/4N3/4b1P1/2P4P/PP6/1K6 w - - 7 38,b1c1 g7h6 g4g5 h6g5
1k3r2/pp5p/3p2p1/4b3/8/1QN5/PPP3PP/6qK w - - 0 28,h1g1 e5d4 g1h1 f8f1
r4r1k/1p1b1pp1/p2p3N/7Q/3q4/3B1P2/2PK2PP/3R3R b - - 0 22,g7h6 h5h6 h8g8 h6h7
r4r2/p4p1k/bp3P1p/3pN1p1/4n3/1N3R1R/PPP3PP/7K b - - 4 26,f8g8 h3h6 h7h6 f3h3
2k4r/2r2pp1/7p/3PQ3/5B2/2Nq1PbP/PP6/R4K1R w - - 5 27,c3e2 d3f3 f1g1 f3f2
Q5R1/p3pp1p/4bbpk/8/8/2q5/P1P2PPP/4R1K1 w - - 0 24,e1e6 c3a1 e6e1 a1e1
1k5r/1pp2p2/4b3/Q2q3p/8/P2BP2P/1PP3r1/1K1R3R w - - 0 23,a5c3 d5a2 b1c1 a2a1
8/R7/5pkp/4rp2/7P/2r2BK1/6P1/8 b - - 3 46,e5e6 h4h5 g6g5 a7g7
5k2/2p2b1p/1pN2pp1/3P4/2P1P1P1/r3K2P/8/4R3 w - - 2 35,e3f4 g6g5 f4f5 a3f3
r4rk1/1p1b3p/p2p4/3P2Q1/4pR2/8/q5PP/5R1K b - - 1 23,g8h8 f4f8 a8f8 f1f8
6k1/p1p3p1/1qp5/7p/4NBn1/3P2P1/PPP2r2/R2Q2K1 w - - 4 20,e4f2 b6f2 g1h1 f2h2
4b1N1/7p/3K1pk1/3P4/8/1pr5/p7/6R1 b - - 1 45,g6f7 g8h6 f7f8 g1g8
3rk2r/pRp2p1p/2n3pb/8/8/B1p2NQ1/P1P2PPP/1K2q3 w k - 0 18,f3e1 d8d1 a3c1 d1c1
2r1kb1r/1R2nQp1/2n5/p2pP3/2pP4/P1P5/3q3P/5R1K b - - 1 24,e8d8 f7f8 h8f8 f1f8
2r3k1/1Q4pp/4p3/p2p4/8/P6P/1Pr1qPP1/R2R2K1 w - - 1 27,b7d7 e2f2 g1h2 f2g2
r4R1k/p5bP/2pp2Qq/4p3/4p3/8/PPP3PP/5R1K b - - 5 28,a8f8 f1f8 g7f8 g6g8
8/R6p/6pk/5p2/5KP1/5p1P/1r6/8 b - - 0 46,f3f2 g4g5 h6h5 a7h7
5Q2/3r3p/4pppk/1p6/5P2/4P2P/2p3PK/q7 b - - 1 39,h6h5 g2g4 h5h4 f8h6
1k1r4/1bpp4/1qn2p2/3B2pp/4P3/5N2/Q5PP/R6K b - - 1 25,c6b4 a2a8 b7a8 a1a8
2r3k1/1R4pb/p4p1p/7Q/q3p3/3r2NP/5PP1/5RK1 b - - 1 38,c8d8 h5f7 g8h8 f7g7
3rQ1k1/1bp2rpq/p5N1/1p4p1/8/7P/PP3bP1/R3R2K b - - 1 30,d8e8 e1e8 f7f8 e8f8
5rk1/1pp4p/3p1qp1/3P4/1p2P3/4Q1Pb/PPN1P2P/R5K1 w - - 5 25,e3d4 f6f1 a1f1 f8f1
8/4R2p/6p1/3k1p2/8/r1n1B2P/5PP1/5K2 w - - 7 35,e7h7 a3a1 e3c1 a1c1
rb2r1k1/1pq2p2/p4Q2/8/8/N2B1n2/PP3PPP/R2R2K1 w - - 1 32,f6f3 c7h2 g1f1 h2h1
8/8/2R4p/P5pk/8/r6P/6PK/8 b - - 6 40,a3a5 g2g4 h5h4 c6h6
rr6/p2b1p1k/2p1pP1B/2bpP1Np/8/2q5/P1P2P1P/R5RK b - - 3 19,h7h6 g5f7 h6h7 g1g7
5r2/2R3k1/pp2p1p1/4P2p/4qr1R/6Q1/8/6K1 b - - 1 44,g7h6 h4h5 g6h5 g3g7
6k1/pp2Qppp/1n3n2/3pqN2/8/1P2PP1P/P1r3P1/R2R2K1 b - - 2 27,e5f5 e7d8 f6e8 d8e8
3r2k1/pp4p1/5r1p/8/4Q3/NPP1BnqP/1P4P1/5RK1 w - - 1 27,f1f3 d8d1 f3f1 d1f1
8/1R5p/1p1r2pk/2p5/2P3PP/5K2/4n3/8 b - - 7 46,e2c3 g4g5 h6h5 b7h7
6r1/pp1r1p1k/1q3Pp1/2p1p1Rp/7P/1P2P3/PP2Q1P1/5R1K b - - 3 25,d7d6 g5h5 g6h5 e2h5
3q4/5ppk/1Rrr4/P3p2p/8/8/1Q3PPP/1R4K1 w - - 4 30,b6b8 d6d1 b1d1 d8d1
2kr3r/pp3pp1/2p5/5q2/2PpR3/3P3p/PP1B1PPK/R2Q4 w - - 0 20,g2g3 f5f2 h2h1 f2g2
2r1r1k1/pp3ppp/4bb2/1N6/2P5/1P3N2/P3KPPP/2RR4 w - - 8 19,b5d6 e6c4 e2d2 e8e2
r4rk1/ppb2ppp/2pq1n2/3p4/8/1P2PB2/PBP1QPPP/R2R2K1 w - - 6 15,c2c4 d6h2 g1f1 h2h1
5krQ/2p2p2/p7/6p1/3P2P1/bPP1q3/2K5/5RR1 w - - 4 34,h8f6 e3e2 c2b1 e2b2
5r2/1pq2pk1/3p2pp/1P6/6N1/2P1Q2P/6P1/1N5K b - - 2 28,h6h5 e3h6 g7g8 g4f6
r3k2r/3n1p1p/p2Bpqp1/1PP5/3P1n2/3B1b1P/2Q2PP1/2R1R1K1 w kq - 0 22,g2f3 f6g5 g1f1 g5g2
2b1k2r/3p1ppp/8/1BB1p3/1PP5/r1n5/5PPP/4R1K1 b k - 1 23,h7h5 e1e5 e8d8 c5b6
6k1/3b1ppp/p7/1p1r4/3r3P/P4P2/1P3KP1/2R1R3 b - - 3 26,d4h4 c1c8 d7c8 e1e8
rn4k1/ppp1q1pp/3p4/4p1B1/4P1B1/3P4/PPn3PP/R4QK1 b - - 1 15,e7g5 g4e6 g8h8 f1f8
8/3kp3/Q1np2p1/5qb1/1p1P4/4K3/PP4P1/4RR2 w - - 7 31,e3e2 c6d4 e2d1 f5b1
6k1/5pp1/r2p1np1/6N1/1p1P4/RR5P/2P3PK/8 b - - 0 32,b4a3 b3b8 f6e8 b8e8
4rrk1/ppp3pp/2n5/3p4/8/QBN1K1Pb/PPPP3P/R1B4R w - - 7 15,c3e4 e8e4 e3d3 f8f3
3r2k1/pQp2ppp/7r/2P1p3/8/P2n1BPq/1B3P2/R2R2K1 w - - 2 27,b2e5 h3h2 g1f1 h2f2
4r1k1/1pq1rppp/2p5/p1Np4/3P4/5Q1P/PPPn1PP1/R3R1K1 w - - 3 22,f3c3 e7e1 a1e1 e8e1
6k1/2R2pp1/3Q3p/1P1bp1q1/8/4PP2/4B1PP/r5K1 w - - 5 33,g1f2 g5h4 g2g3 h4h2
4rr1k/p1p3pp/6n1/3q4/PP1P4/2P2p1P/3NQP2/R3R1K1 w - - 0 24,e2e8 d5g5 g1f1 g5g2
3R1q1k/5p2/1pB2P1p/r4bpQ/p7/2P4P/2P3P1/7K b - - 8 30,f8d8 h5h6 f5h7 h6g7
q3r1k1/3R1p1p/6pP/p7/1p6/1B2B3/PPPK1P2/8 b - - 2 33,e8d8 b3f7 g8h8 e3d4
2r1r1k1/5p1p/p5p1/1q2P1Nn/3p4/3R1Q1P/P5P1/3R2K1 b - - 0 29,b5e5 f3f7 g8h8 f7h7
r6r/4p1k1/pp2Pp2/2p1qPp1/P2p2P1/1P1B4/2P4R/2Q2RK1 w - - 2 34,h2h8 e5g3 g1h1 a8h8
r4rk1/1pq1ppbp/p4n2/4p3/2PnN1b1/3Q1N2/PPBB1PPP/R2R2K1 b - - 8 16,g4f3 e4f6 e7f6 d3h7
r3r1k1/pp1R1ppp/2p5/3N4/8/5QP1/PP5P/4qBK1 b - - 2 22,c6d5 f3f7 g8h8 f7g7
r3k2r/1pp2ppp/p1b1p3/4N1q1/1Q1Pn3/B1P5/P4PPP/R3K2R w KQkq - 2 14,e5c6 g5d2 e1f1 d2f2
r2qk2r/1ppn2bp/3p4/p2Pp1Np/2P1PP2/2N3P1/PP2Q3/R1B1K3 b Qkq - 1 15,e5f4 e2h5 e8e7 h5f7
3r2k1/1p1r1p2/p4Qpp/8/5R1R/PP1p2PP/5P1K/2q5 b - - 3 33,g8h7 h4h6 h7h6 f4h4
6k1/pp3ppp/4p1P1/3pP2P/1q1P4/1r6/1P1R4/1K3Q2 b - - 0 39,b4d2 f1f7 g8h8 f7f8
2r2rk1/p1b2pp1/1npq1n1p/3p4/1P1Pp3/P3P2P/1BRNBPP1/Q1R3K1 w - - 12 21,c2c6 d6h2 g1f1 h2h1
5r1k/pb1qR2p/3p2pN/2p5/2N5/1P1rQ3/P5PP/6K1 w - - 2 28,e7d7 d3d1 e3e1 d1e1
8/ppk3p1/2p1Qn2/2b2r2/8/1P3PNP/q1P3P1/2KR4 w - - 2 25,e6f5 c5e3 d1d2 a2a1
4Q3/4R1pk/3p3p/4p3/4Pn2/3n1P2/P5PP/2r2NK1 w - - 5 30,e8f7 f4e2 g1h1 c1f1
rn3b1r/ppp1kBpp/8/3Q4/8/4K3/PP1P1P1P/R1B2bq1 b - - 2 13,b8c6 d5e6 e7d8 e6e8
8/5p1k/Q2p2pp/1p1P4/1P1b1P2/P4NP1/5qBP/7K w - - 1 38,f3d4 f2e1 g2f1 e1f1
1k1r1r2/p1p5/4R3/3p3N/1Pn3P1/R6P/P1P5/2K5 w - - 1 31,a3c3 f8f1 e6e1 f1e1
3r2k1/3R1ppp/p7/1p6/3P4/4PQ2/qP4PP/5RK1 b - - 0 24,d8d7 f3a8 d7d8 a8d8
1QR5/5p1k/4p3/3p2pp/3PnK2/4P2P/Q5P1/7q w - - 0 39,f4e5 h1h2 g2g3 h2g3
6rk/6pb/p1p1r3/1pPpBp2/5Pq1/1PQ1P1R1/P4KP1/8 b - - 1 44,g4h5 e5g7 g8g7 c3g7
4r3/pp3pk1/2p4p/4b1q1/P3Q3/3B3P/1PP3P1/5R1K b - - 2 35,g5g3 e4h7 g7f8 h7f7
r6r/p4pk1/2p1p1np/2PpP2Q/3P1N1R/4q3/P5P1/5R1K b - - 5 30,g6h4 f4e6 f7e6 h5f7
6k1/2p3pp/p7/5N2/3b4/7P/P2r4/5R1K b - - 4 40,c7c5 f5e7 g8h8 f1f8
5r1k/4Q2p/8/5p2/2B1p3/4P1P1/5P2/r1q2NK1 b - - 3 40,a1a8 e7e5 f8f6 e5f6
r4rk1/1pq2pp1/p1p1pn1p/8/P2P2N1/4P3/1PQ2PPb/1BR2R1K b - - 1 20,h2d6 g4f6 g7f6 c2h7
1k1r3r/3qb2p/p1p2p2/Q3pN1b/P3Pp2/2P4P/1P1N1PP1/R3K2R w KQ - 1 21,d2c4 d7d1 a1d1 d8d1
5k2/6pp/1R3p2/P7/6PK/5r1P/8/8 w - - 1 40,a5a6 g7g5 h4h5 f3h3
2kr1r2/p7/2p1bp2/3p4/1Q3B2/7P/3N1K2/q7 b - - 1 40,c8d7 b4d6 d7e8 d6e6
6R1/8/3N1k1p/5pp1/8/4PBK1/2r3P1/7r w - - 0 42,e3e4 f5f4 g3g4 h6h5
8/5p1k/6p1/2pPQ2p/8/2P3P1/rq3nBP/5RK1 w - - 4 29,e5f4 f2h3 g2h3 b2h2
r1b1Qq2/p5k1/1p2p3/3pP3/3P3P/2b2r2/PP3P2/1K4R1 b - - 1 24,g7h8 e8h5 f8h6 h5h6
4r1k1/pp3pp1/6p1/8/2P5/BP6/P1np1PPP/3R1K2 w - - 2 25,a3b2 e8e1 d1e1 d2e1q
8/1p4k1/2p1bqnp/2P5/1P2Q3/7P/r4PPB/3RR1K1 w - - 0 35,e4e6 f6f2 g1h1 f2g2
r7/pp1kp3/n1p2p2/q1N5/3P4/2P4Q/PP3P1P/2KR2r1 b - - 1 21,d7c7 h3d7 c7b6 d7b7
r1b2rk1/p4ppp/2pQ4/q7/8/2P2N2/P1P2PPP/2KRR3 b - - 0 14,a5a2 d6f8 g8f8 d1d8
r1b2rk1/pp3p2/1qnp1bB1/4p1Np/3P3P/2P5/PPQN1PP1/R3K2R b KQ - 0 13,f7g6 c2g6 f6g7 g6h7
1rb3k1/pp4pP/2pp1qQ1/6b1/2PP4/P4p2/1P3PP1/3K1B1R b - - 0 24,g8h8 g6e8 f6f8 e8f8
8/6k1/6p1/P6p/3q3P/5BP1/4Q1K1/3q2b1 w - - 0 49,e2d1 d4f2 g2h3 f2h2
5k2/3n1b2/3p1p2/4pQ2/1p2P3/qN1PB3/r1P2P2/1K1R3R w - - 0 30,e3c1 a2a1 b3a1 a3a2
r1r3k1/5pp1/pq1p1b1B/3P4/4Q1P1/7N/1P5P/1K1R3R w - - 3 25,h6c1 c8c1 d1c1 b6b2
r3Q2R/pb4qk/nbp5/1p1p2P1/3P4/2P1B3/PP4PP/6K1 b - - 7 24,g7h8 g5g6 h7g7 e8f7
r4r1k/6p1/2pQ4/3pB1KP/3P2P1/8/p4q2/R7 b - - 3 41,a8e8 d6h6 h8g8 h6g7
8/p3k1p1/2p1pp1p/2Pn4/3K4/1P1B1rPP/P2R1P2/8 w - - 0 37,d3e4 e6e5 d4c4 f3c3
r1b3rk/2p4p/pp2p2P/5p1q/3Q4/P6P/1P4PK/8 b - - 2 27,e6e5 d4e5 g8g7 e5g7
5r1k/2r1q1pp/pn3p2/1p1ppP2/3pP3/PB1P3R/1PP2QPP/1R4K1 b - - 1 26,d5e4 h3h7 h8h7 f2h4
4Q3/6pk/3bp2p/8/3Pp2q/1P5b/5P1P/6RK b - - 3 31,h4f4 e8g6 h7h8 g6g7
4r2k/1p4p1/7p/8/5PQ1/2B3qP/PP4R1/4q2K w - - 0 37,c3e1 e8e1 g2g1 e1g1
7k/1pp3pp/1p2p3/4pq2/8/P1P3n1/1P4PP/3Q2K1 b - - 1 29,g3e4 d1d8 f5f8 d8f8
2rnq1k1/1p3p1p/p2R2pB/3P1p2/1P3Q2/P7/5PPP/2R3K1 w - - 1 31,f4d4 c8c1 h6c1 e8e1
2r2rk1/Q3Rppp/2q5/3p1b2/3Pn3/2N5/PP3PPP/R1B3K1 w - - 3 18,c3e4 c6c1 a1c1 c8c1
4r2k/3b2p1/5q1p/3Q4/3Np3/2P3R1/Pr3PPP/4R1K1 w - - 1 32,d5d7 f6f2 g1h1 f2e1
8/1pR2krp/p3p1p1/1q1p4/3PnP2/Q3P3/PP6/1K6 b - - 2 38,f7f6 a3f8 g7f7 f8f7
R7/8/8/p5k1/5R2/6P1/r5r1/5K2 b - - 16 54,g2b2 a8g8 g5h6 f4h4
r1b2k1r/pp1p1N1p/2nNp1p1/4P3/5P1q/6n1/2PP3P/R2QKB1R w KQ - 0 16,h2g3 h4g3 e1e2 c6d4
3kr2r/1p2R3/p5p1/2Np2Q1/5PP1/8/PP1q2K1/2R5 w - - 2 33,g2g3 d2h2 g3f3 h8h3
6r1/6nk/3p4/2pPp1R1/1pP1PpR1/1P3q1P/7K/8 b - - 1 37,f3e4 g4h4 g7h5 h4h5
2r2rk1/qp3p2/4p1RP/pB5Q/P2Pp3/4Pn2/1P3K2/R7 b - - 0 26,f7g6 h5g6 g8h8 g6g7
6k1/5ppp/2P1p3/4P3/2r5/5N1P/r5P1/1R4K1 b - - 0 27,c4c6 b1b8 c6c8 b8c8
4r1k1/3n1pP1/5n2/3p1q2/p1pP4/PpP2P2/1P1Q4/R1KBrN1R b - - 0 31,g8g7 d2h6 g7g8 h6h8
6qk/5p1n/p1bP3p/2p1b3/8/2N4P/1P5K/R1B2Q2 w - - 3 35,c1f4 e5f4 f1f4 g8g2
4r1rk/6p1/p3p1Qp/3b1p2/5q2/3P3R/PP4PP/5RNK b - - 1 28,f4f1 h3h6 g7h6 g6h6
6k1/3n2p1/1p1p3p/pPpNqr2/2P5/1P1P3Q/6PP/R6K w - - 2 29,h3f5 e5a1 f5f1 a1f1
1R4k1/3r2p1/4p2p/q3p2P/7R/4QP2/P2r2P1/5K2 b - - 9 33,g8h7 e3e4 g7g6 e4g6
3qr1k1/pR4p1/6p1/3Pp3/1P2P3/Pr5P/6P1/2B1bQK1 b - - 0 29,e1h4 f1f7 g8h8 f7g7
4Q3/p5pk/1p2p2p/2p1Pr2/2Pq1P2/P7/KP4RP/8 b - - 6 36,d4f4 e8g6 h7h8 g6g7
1r5Q/pb2krp1/1p1p1q2/1P1P4/P7/8/6PP/1BBR3K w - - 3 29,h8b8 f6f1 d1f1 f7f1
8/1R3Rb1/6pk/7p/5P2/2p2BPK/2r3P1/4r3 w - - 1 34,g3g4 e1h1 h3g3 h5h4
7r/p2q2k1/R2p2p1/3Qp3/1P2Pp2/5P2/5PK1/8 w - - 3 28,a6d6 d7h3 g2g1 h3h1
r3k2r/p1Q2p2/8/1N2pb2/2p2q2/8/PPP4P/1K1R4 b q - 0 23,h8h2 b5d6 e8f8 c7f7
r5k1/1b2rpp1/2p4p/p2pPQ2/R1Pq1P2/3B2P1/7P/4RK2 b - - 2 27,b7c8 f5h7 g8f8 h7h8
2k1r3/1p2r2p/pBbQP1p1/8/P1P2P2/6Pq/3R3P/b5K1 b - - 1 33,h3e6 d6d8 e8d8 d2d8
r1b2r2/pp2p1k1/1q3np1/8/2B2P2/8/PPP1QP2/2K4R b - - 0 22,c8g4 e2e7 f8f7 e7f7
8/8/2pp1k1R/3p1p2/3p4/4P3/4KP2/2r5 b - - 1 44,f6e5 f2f4 e5e4 h6e6
7r/8/p2p2k1/2NPbR2/2P2PP1/8/6Kr/5R2 w - - 1 42,g2f3 h8h3 f3e4 h2e2
r4rk1/pR3Rp1/4p2p/4p2Q/3pP3/3q3P/P5P1/6K1 b - - 1 20,f8f7 h5f7 g8h8 f7g7
8/3r3p/8/8/3p3P/R2p4/1r2k1R1/6K1 b - - 0 50,e2e1 a3a1 b2b1 a1b1
r6k/p3b2p/1pP5/8/2p2Pb1/2P2N2/PP3B2/2K3R1 b - - 2 28,g4f3 f2d4 e7f6 d4f6
r1b4r/pp2kp2/2p1p1pp/2P3P1/1PR1Nn1P/P3q3/4B3/3QK2R b K - 3 21,h6g5 d1d6 e7e8 e4f6
6k1/1p3ppp/p1p1q3/P3p2n/1Pn1P2Q/2B2P1P/r3rPB1/1R3RK1 b - - 6 28,h5f4 h4d8 e6e8 d8e8
3r3k/p4Npp/1p4p1/3QP3/3P2q1/1P6/1PPKnr2/3R4 b - - 6 35,f2f7 d5d8 f7f8 d8f8
3r3k/8/b4pp1/4p2p/2N1Pb2/1B1R3P/2QN1qPK/8 w - - 1 36,h2h1 f2e1 d2f1 e1f1
1k3r2/ppq1b1p1/2p1Q3/6Bp/P2P2nP/2P5/1P3PP1/R3R1K1 w - - 5 24,g5e7 c7h2 g1f1 f8f2
r4r2/2q1b1pk/2p1pn1p/p1PpNp1B/Pp1PbP2/1P2P2P/1B4P1/2RQ1RK1 b - - 5 20,f8g8 h5g6 h7h8 e5f7
5r1k/p6p/5qp1/2p5/P1Q1p3/1P2P2P/2PN2PB/6K1 w - - 2 27,d2e4 f6a1 c4f1 f8f1
4r1k1/r3P2p/2p1NR2/p2p4/1p1P4/nP6/P4RPP/6K1 b - - 0 31,a7e7 f6f8 e8f8 f2f8
5r1k/6pp/q1p5/3n3Q/4p3/1P2P3/P1PP2PP/3K3R w - - 0 27,a2a4 f8f1 h1f1 a6f1
rnbq1rk1/ppp2p2/4pP1p/3p4/1bPP3p/2N2Q2/PP3PPP/R3KBNR b KQ - 1 9,b8d7 f3g4 g8h8 g4g7
7k/p4pp1/1p2pq1p/3b4/3P2QP/1P1B1P2/P5PK/8 b - - 0 29,e6e5 g4c8 f6d8 c8d8
5rk1/p5pp/2Rp4/8/4P1QP/3p2PK/PP5q/5r2 w - - 0 33,h3h2 f8f2 h2h3 f1h1
2r3rk/1b2qp2/pp2pn1p/4P3/2Pb1Q2/P1N4P/1PB2PP1/2R2R1K b - - 0 28,d4c3 f4h6 f6h7 h6h7
1k1r3r/3npp1p/N5p1/1p6/4P3/4BP2/P3K1PP/2R5 b - - 1 27,b8b7 c1c7 b7a6 c7a7
6k1/pp6/2p1n2p/8/2P1pN2/PPbr3P/5PP1/2B1K2R w K - 1 26,e1e2 e6d4 e2f1 d3d1
6k1/p3r2p/nppQb1r1/8/P3P3/1P6/6PP/5R1K b - - 3 35,g6g7 d6d8 e7e8 d8e8
2r5/pk6/1p1q4/6Q1/3n4/8/PP3PPP/RNR3K1 w - - 4 29,c1c8 d4e2 g1f1 d6d1
r1q2bk1/pp2np1p/3p2p1/3Pp3/2P1Pn2/3B1NNb/5PPK/R2QR3 w - - 0 19,g2h3 c8h3 h2g1 h3g2
3rk2r/p1QNnppp/2p5/4p3/4q3/8/PP3PPP/3R2K1 b k - 1 20,e4f5 d7f6 g7f6 c7d8
r5k1/3p1p1p/1p2p3/p3B3/8/5n2/P1P1q2P/R5RK b - - 1 25,g8f8 e5d6 f8e8 g1g8
3r2k1/p4ppp/4r3/2bp1R2/8/1BN3P1/PPP3P1/R6K w - - 1 22,c3d5 e6h6 f5h5 h6h5
r5r1/3b1pRk/7p/2p1qP2/p1P1P3/1p1BQ2R/P6P/1K6 b - - 0 28,g8g7 e3h6 h7g8 h6h8
3r2k1/2q3pp/p3p3/3p4/N7/BP2P2P/P3QRPK/1R3n2 w - - 1 25,h2g1 c7h2 g1f1 h2h1
r7/pp1qppk1/3p4/2p4R/3nP1n1/2NP2P1/PPPQ1PK1/8 b - - 0 21,a8h8 d2g5 g7f8 h5h8
r3r1k1/ppp2p1p/4b1pP/6N1/1n1nN3/3P4/1PP2PP1/1K1R1B1R w - - 0 18,c2c3 e6a2 b1a1 d4c2
2r3k1/1R3pbp/6p1/1P2q1P1/3pP3/1Q1P1B2/2rBKP2/8 b - - 0 29,e5g5 b3f7 g8h8 f7g7
R7/5p2/6k1/P2N2pp/8/6PK/r7/8 w - - 4 47,a5a6 g5g4 h3h4 a2h2
r1b2k2/pp3pb1/2p5/5pQ1/1qP5/1P6/5PBN/3R2K1 b - - 2 29,c8e6 d1d8 a8d8 g5d8
rn1q4/pp3kpp/4bn2/2b3B1/2Q5/2N1p3/PPP2PPP/R3K2R w KQ - 2 13,c4c5 d8d2 e1f1 d2f2
rn3k2/p4ppp/1qp3b1/3R1NP1/1p2Q3/P3P3/4BP2/2K4R b - - 0 25,c6d5 e4e7 f8g8 e7e8
6rk/R7/5p2/3n1N1K/3P2P1/8/5B2/8 w - - 4 57,f2h4 d5f4 h5h6 g8g6
4r2r/4n1p1/1N2k1b1/p1p1p1P1/P3P2p/2PP3K/1P3R2/5R2 b - - 0 31,e8b8 f2f6 g7f6 f1f6
r3r1k1/1ppR2p1/p4pQp/4p3/1P2Pq2/5P1P/2P3P1/6K1 b - - 5 28,f4g5 d7g7 g8h8 g7h7
6k1/2q3pp/p3pp2/n3N3/8/8/PP3PPP/3Q2K1 w - - 0 25,d1d7 c7c1 d7d1 c1d1
6k1/4q1pp/2p1r3/p7/6Q1/2P5/PP1R2P1/5qK1 w - - 0 32,g1f1 e6e1 f1f2 e7e3
8/8/5pQ1/2q4p/8/4n1Pk/8/4R2K w - - 1 58,e1e3 c5c1 e3e1 c1e1
r5k1/R4ppp/3Rp3/3bP3/1P6/pn6/5PPP/7K b - - 1 33,a3a2 a7a8 d5a8 d6d8
7k/1pR4p/p1n5/3ppN2/Pr6/4K3/6PP/8 b - - 3 32,b4a4 c7c8 c6d8 c8d8
r3k2r/1b3pp1/p2Pp3/1pb5/4qP2/P2P2Pp/1P1BN2P/2R2Q1K w kq - 0 23,d3e4 b7e4 f1f3 e4f3
r3b1k1/ppp1Qn2/1q2N1p1/3p4/6P1/1PPPn3/P5BP/3R3K b - - 7 30,e3d1 e7f8 g8h7 f8g7
3r1B2/p4Q2/2p2Rnk/6p1/4q3/6p1/PP5P/6K1 b - - 5 33,h6h5 f7h7 h5g4 h2h3
2r5/3Q3p/1p2R1pk/3p4/3P4/2Pn1pP1/PP1q1P1P/4R1K1 w - - 1 30,d7c8 d2f2 g1h1 f2g2
r3k2r/1pp2pp1/2np2qp/p1b1p3/P3P2n/1BPP1N1P/1P1N1P2/R1BQR1K1 w kq - 1 13,g1f1 g6g2 f1e2 g2f2
8/p6p/1p6/8/Q1Pq4/3k1B2/P2r1PPP/3Rr1K1 w - - 15 32,d1e1 d4f2 g1h1 f2e1
6k1/2b2pp1/2p5/2P3rp/3Pp1n1/2Q1P1qP/1B4P1/5NRK w - - 6 34,f1g3 g4f2 h1h2 c7g3
3k2r1/4Qp1p/2pp1p2/4pN2/4P3/2P2r1q/PP3R1P/7K b - - 3 25,d8c8 f5d6 c8b8 e7b7
6k1/1rp2p1p/1q1p2p1/3P3n/1PRbPP2/6PP/2Q3BK/4R3 w - - 3 35,e1e2 d4g1 h2h1 h5g3
r5n1/p6r/1qp1pnQp/1k6/1b1P1B2/5N2/1P3PPP/R4K1R b - - 2 22,b6d8 g6d3 b5b6 d3a6
4Qbk1/p3pp1p/8/3p4/1n1P1B2/qP1b1P2/P1P3P1/1K1R3R w - - 0 24,c2d3 a3a2 b1c1 a2c2
r1b1kbr1/p2R4/4p2p/3pN3/3P4/P4QPK/7P/qN6 b q - 0 21,c8d7 f3f7 e8d8 f7d7
2b2rk1/5p1p/4pqp1/2Np4/3n4/1BQ2N2/Pr3PPP/R3R1K1 w - - 0 23,f3d4 f6f2 g1h1 f2g2
8/8/8/6p1/7p/3R1PkP/1r4P1/6K1 w - - 8 53,d3d5 b2b1 d5d1 b1d1
2r1r1k1/pp3p2/2p4p/q2p1p2/2nP1P1B/2P1P1R1/P5PP/1BR3K1 b - - 1 22,g8h7 b1f5 h7h8 h4f6
R7/2p5/3b4/R7/3B1p2/p1P4P/r3kPK1/8 w - - 4 42,d4c5 f4f3 g2h1 a2a1
8/8/2R2Q2/p4P2/Pp3k2/4q3/1PP2bPP/7K w - - 3 37,c6e6 e3c1 e6e1 c1e1
2r4k/2P1pQ2/p2p2p1/1p6/4q1p1/1P6/6PP/5RK1 b - - 0 34,c8c7 f7f8 h8h7 f1f7
1r1N2k1/3bQ1pp/1P2p3/P2pPp2/5P2/6PK/2q4P/8 b - - 3 36,c2c8 e7f7 g8h8 f7f8
5b1k/7p/3p1Qp1/1p1Np1P1/pP1qP2P/Pn1P4/8/1KB5 b - - 9 39,f8g7 f6d8 g7f8 d8f8
5r2/2p5/2B3kp/3P1r2/P3p3/5bP1/5R1K/4R3 w - - 2 39,a4a5 f5h5 h2g1 h5h1
r4r2/2p2pkp/p5p1/1p2p3/3qP2Q/3P3R/P5PP/5R1K b - - 3 22,f8h8 h4f6 g7g8 f6f7
2R5/8/p2Npp2/1p1n4/7R/5P2/Pq1kPK2/8 b - - 5 45,d2d1 h4h1 d1d2 d6e4
8/1nBr3k/p5pp/P1p5/1pP1Q3/3rp3/1P4PP/R5K1 w - - 0 30,e4b7 d3d1 a1d1 d7d1
6k1/ppp3pp/3p2r1/4p3/PPPq4/3P2r1/4RP1P/3Q1RK1 w - - 0 25,h2g3 g6g3 g1h2 d4h4
3kr3/1p2qp2/p1p4p/5Bp1/PP1r4/6BP/Q4PP1/b1R3K1 b - - 0 26,d4d5 a2d5 c6d5 c1c8
r1b2Qk1/5ppp/p1p5/5q2/5B2/8/PPP2PPP/R3R1K1 b - - 0 16,g8f8 f4d6 f8g8 e1e8
r2r2k1/pp2qppp/2p1b3/2npP1N1/8/8/PPQB1PPP/R3R1K1 b - - 9 20,h7h6 c2h7 g8f8 h7h8
1k1r4/pp4R1/5p2/2Q5/2P5/1P5P/P2pq1PK/8 b - - 1 53,d2d1q c5c7 b8a8 c7b7
r2Q1k2/pp3Pp1/8/6N1/8/1qP1n2P/4r1P1/3R2K1 b - - 0 31,a8d8 d1d8 f8e7 f7f8q
1r6/8/3Nk2p/2pNppp1/r2n4/3P2P1/5PBP/1R3K2 w - - 2 37,b1b8 a4a1 b8b1 a1b1
r1b3rk/pq3p1p/1p2pPpQ/2p5/3PNP2/P2p1R2/3B2PP/R5K1 b - - 2 21,b7e4 h6h7 h8h7 f3h3
k2N4/1p1q4/p7/P1Rp4/8/1Q1P2P1/1P5p/5r1K w - - 1 34,h1h2 d7h7 h2g2 h7h1
8/4k1p1/2p1p3/1pPpq3/1p4BQ/r7/8/5R1K b - - 3 36,e7d7 f1f7 d7e8 h4e7
r1b2r1k/1p4Rp/8/2p2p2/pnPp4/3P1Q1P/1Bq1N3/K4BR1 b - - 3 26,a4a3 g7h7 h8h7 f3h5
8/p5RP/8/2p5/2P3p1/PPk5/7r/2K5 w - - 2 37,g7g4 h2h1 g4g1 h1g1
2kr1b1r/1qp2p2/1p2PN2/5b2/QPP5/8/P4Kpp/3RR3 b - - 0 25,f7e6 d1d8 c8d8 a4d7
r2q1rk1/pQ4pp/8/P2p3n/1B1P1p2/P4p2/5P1P/R4RK1 w - - 0 22,b4f8 d8g5 g1h1 g5g2
r3rk2/1p1q1p2/p1p5/3pnN1P/4nQ2/1B6/P4PP1/2R3K1 b - - 2 30,e5d3 f4h6 f8g8 h6g7
1b1r2k1/1R3pp1/P1p4p/1pPr4/8/5QPP/3p1P1K/2q5 b - - 1 36,d2d1q f3f7 g8h8 f7g7
r7/2n2bkp/4N1p1/3P1p2/1RP5/p1QKP2P/5qP1/8 b - - 1 37,g7h6 c3g7 h6h5 g7h7
br4k1/3n3p/pp1p1r2/2pP1p2/P1P1p3/NQ2P1q1/1P1NB3/1R3R1K w - - 2 30,f1g1 f6h6 e2h5 h6h5
r4rk1/1p1N1bp1/1qn1pn2/p2p2N1/3P4/P2Q4/1P3PPP/2R2RK1 b - - 10 23,b6d4 d7f6 g7f6 d3h7
8/8/8/2R5/5ppk/5P2/r5PK/8 w - - 0 51,c5f5 g4g3 h2g1 a2a1
8/1R4k1/8/4NK2/3p4/p2P4/Pbr5/8 b - - 6 45,g7h6 e5g4 h6h5 b7h7
6k1/1b2q1pQ/4p2p/1p2P2P/2p5/5r2/PPB3RP/7K b - - 1 36,g8f8 h7h8 f8f7 g2g7
2r2rk1/pp5n/1q2p2P/3p2b1/b2P1p2/1NPQ2P1/PP4B1/2R1R1K1 b - - 1 22,a4b5 d3g6 g8h8 g6g7
5k2/Q5bp/3p1q2/2p1pN2/8/4P3/Pr4PP/R5K1 w - - 1 28,f5g7 f6f2 g1h1 f2g2
1k5r/1p3pp1/2q1p2p/8/8/1Q1n3P/P2N2K1/1R5R w - - 3 36,g2g1 c6c5 g1f1 c5f2
1r3r1k/pp3p1p/3p4/q2Np3/2Bn3B/P2P3P/1PP3P1/3R2K1 b - - 2 24,b7b5 h4f6 h8g8 d5e7
r1bq1rk1/1pp2p2/p2p2nQ/3P2N1/2Pb4/P7/1P2BPPP/R4RK1 b - - 0 17,f8e8 h6h7 g8f8 h7f7
8/4r3/1pk2p2/1p3Rb1/2pP2Bp/K1P1r2P/PP6/7R w - - 2 35,h1f1 e7a7 a3b4 a7a4
1k2B3/pp2R3/q2p1p2/B2Q2p1/4P3/5b2/PPP5/5K2 w - - 2 27,f1f2 a6e2 f2g3 e2g2
1r2n3/3b1k2/1q1p2p1/3P1pPr/2BN1P2/1PQ4p/7K/R1R5 w - - 3 41,d4e6 b6f2 h2h1 f2g2
6k1/p1pq1ppp/7r/3pR3/5P2/P3P2P/4NP1K/1r3Q2 w - - 0 29,f1b1 d7h3 h2g1 h3h1
r2qr2k/1pp3p1/p2p2Rp/4b3/2B5/7P/PP4P1/R1Q4K b - - 1 27,e5f6 g6h6 g7h6 c1h6
2R3kb/1p1n1p2/1q2pPp1/3pP3/3P2r1/BN6/P4K2/5R2 b - - 1 32,g8h7 f1h1 g4h4 h1h4
1rb1r2k/p4Rpp/1p6/3B2q1/1PP5/2Q1p3/P5PP/5RK1 b - - 1 26,e3e2 f7f8 e8f8 f1f8
r2k1n2/ppq1b1Q1/2n1P2p/2ppN3/3P2PP/2P5/PP6/5RK1 b - - 0 23,c6e5 f1f8 e7f8 g7f8
1n1q1rk1/5ppp/3bp3/2P5/1P2Bn2/2B2P2/5P1P/1N1Q1RK1 w - - 5 19,c5d6 d8g5 g1h1 g5g2
4r1k1/pp3ppp/1b1p4/3B1Q2/1P6/P6P/4qPP1/2R3K1 b - - 2 27,g7g6 f5f7 g8h8 f7f6
6k1/pp3pp1/2p3p1/2qrP3/4RP2/8/PP2Q1PP/6K1 w - - 1 22,e2f2 d5d1 e4e1 d1e1
2k5/5R1p/p4Bp1/3pP3/P7/1r5P/5bPK/8 w - - 0 39,e5e6 f2g3 h2g1 b3b1
3R4/p4ppk/6p1/8/1P1Pr3/6K1/3r1PP1/5R2 b - - 4 28,e4d4 f1h1 d4h4 h1h4
8/k7/ppQ5/3p1p2/1P1PbPp1/4r2q/P4R1P/2R2K2 w - - 1 31,f1g1 e3g3 h2g3 h3h1
r1b2k2/pp3p1p/3q2pQ/2p5/n2b4/PR1P3P/B1P1RPP1/6K1 b - - 3 22,f8g8 e2e8 d6f8 e8f8
2k2r2/pp5p/2p2p2/4pq2/8/1QN5/PP1r2PP/R3R1K1 w - - 4 21,a1d1 f5f2 g1h1 f2g2
2r1rbn1/R2R1pkp/2p1p1p1/1p1pP3/1B1P1PP1/7P/2P1BK2/8 b - - 2 35,f8b4 d7f7 g7h8 f7h7
7r/2q1kpp1/4p1p1/1Q2n3/2p5/2P5/PP3PPP/3R1RK1 w - - 0 21,b2b4 e5f3 g2f3 c7h2
4r1k1/R5pp/1np5/7Q/2P1q3/1P1pp1B1/1P4PP/6K1 b - - 1 31,e3e2 h5f7 g8h8 f7g7
r7/4pp2/2ppbk2/8/2B1P2P/6Q1/6PK/r7 b - - 0 32,e6c4 g3g5 f6e6 g5f5
8/1p1r1kpp/5p2/1R1p4/8/1P1r3P/1P3PP1/R3K3 w - - 4 34,a1a7 d7e7 e1f1 d3d1
2r5/1ppR4/p1k1r3/P2R4/1PP5/2P1pp2/2K5/8 b - - 1 39,e3e2 b4b5 a6b5 c4b5
5rk1/p3R1pp/8/3bppn1/6qP/1PN3P1/5P1K/1Q3R2 w - - 4 32,c3d5 g4h3 h2g1 g5f3
2kn4/pp2bp2/8/1Np4q/2P2P2/4PRp1/P3Q1P1/R6K w - - 1 29,h1g1 h5h2 g1f1 h2h1
8/8/6PR/8/8/6kP/r1p5/3r1RK1 w - - 2 57,g6g7 d1f1 g1f1 c2c1q
1k6/pb3p2/4p3/5r2/1PN2K2/6P1/P7/2R5 w - - 3 38,f4g4 b7f3 g4h4 f5h5
2kr1r2/pp2q1p1/2b1R2p/2b5/P4BQ1/8/6PP/1R5K b - - 0 30,e7d7 e6c6 b7c6 b1b8
3r4/4R2p/p4npk/1p3q2/3Q4/1P1P4/P2r1PPP/R2B2K1 w - - 1 28,d4d8 f5f2 g1h1 f2g2
2rr4/p4Rkp/1p1pB1p1/8/6PP/8/PP1n4/6K1 b - - 0 30,g7h6 g4g5 h6h5 f7h7
5r1k/2p5/1pP5/p2P3p/2P5/P1n2N2/6PP/5RK1 w - - 0 28,f3g5 c3e2 g1h1 f8f1
6k1/4bppp/5n2/2rp4/Q2Np3/4P3/3N1PPP/1q4K1 w - - 0 24,d2b1 c5c1 a4d1 c1d1
5k2/4bppp/B1r2n2/2B5/1P3K2/r6P/5PP1/3RR3 b - - 1 28,e7c5 d1d8 f6e8 e1e8
r1b3k1/1p1n2p1/p3P3/8/6qn/4P1B1/P1Q2P2/3R1RK1 b - - 0 27,d7f6 d1d8 f6e8 d8e8
6k1/p1r3pp/1bp1Q1q1/4p3/1P2P3/P6P/4N1P1/3R1R1K b - - 0 25,g6e6 d1d8 e6e8 d8e8
k6r/p1qb1p2/2N2p2/2p3p1/4Q3/2P3P1/P6P/1R4KB b - - 0 27,d7c6 e4c6 c7c6 h1c6
1R6/8/8/8/8/8/k1K5/q7 b - - 0 44,a1e5 b8a8 e5a5 a8a5
2r1kb2/4qpp1/p3p3/3P2P1/2BQ1P2/1Pp1B3/P1P5/2KR4 w - - 1 28,d5e6 e7a3 c1b1 a3b2
2B4k/p3Qpq1/1pp5/3pN2n/3P1n2/2P1R2P/PP3Pr1/4R2K w - - 1 31,e7f7 g2h2 h1h2 g7g2
3r2k1/1p3ppp/p7/8/3bR3/1P2P3/P1r2PPP/3R2K1 b - - 1 24,d4b6 d1d8 b6d8 e4e8
6k1/pp3pp1/2p1p1b1/2P1P3/3q4/7P/PPBr1PP1/2Q1R1K1 w - - 6 29,c2g6 d4f2 g1h2 f2g2
2rq1rk1/1b3ppp/p3pb2/n7/3PN3/P2Q1N2/5PPP/1BR2RK1 b - - 4 18,c8c1 e4f6 g7f6 d3h7
rnbq2kr/ppp1b1pp/8/3pN3/3Pn3/1QP5/PP3PPP/RNB2RK1 b - - 2 9,b8d7 b3d5 g8f8 d5f7
r5k1/5ppp/6r1/p3Q3/8/2P2b2/PPq2BPP/4R1RK w - - 1 36,f2d4 f3g2 g1g2 c2g2
r4r1k/1p3p1p/p2Q2p1/3Np3/8/5PP1/PP1q3P/5RK1 b - - 0 23,a8d8 d6f6 h8g8 d5e7
4nk2/5p1p/3p2p1/1qpP3n/2N1P3/2Q4P/5PPB/6K1 w - - 0 29,c4d6 b5b1 c3c1 b1c1
2rr2k1/1bp2ppp/3q1n2/4p3/1PQP4/2N3P1/4PP1P/R1BR2K1 w - - 0 18,d4e5 d6d1 c3d1 d8d1
6k1/pbp4R/6p1/2p3Nn/8/1P1P3P/PBP1r1PK/8 w - - 1 30,h7c7 e2g2 h2h1 h5g3
8/8/2R5/3P4/7b/1PP1Bk2/8/1r4K1 w - - 1 46,g1h2 h4g3 h2h3 b1h1
3r1r2/6p1/pR2k2p/2p2bP1/2Np3P/2qP3B/PRP2P2/K7 b - - 1 34,e6d5 h3g2 f5e4 g2e4
6k1/3n3r/8/1p1q3p/5Qp1/2B3P1/PPr2P1P/4R1K1 b - - 1 32,b5b4 e1e8 d7f8 f4f8
3r2k1/p1p2ppp/1pQ5/4p3/2P2P1q/8/PP4PP/4R1K1 w - - 1 22,e1e5 d8d1 e5e1 d1e1
3r2k1/2b2pp1/7p/2B2q2/1P1P2n1/6P1/5PBP/R2QR1K1 w - - 3 28,g2h3 f5f2 g1h1 f2h2
1r3r1k/4R1pq/p2pB2p/3Pp3/Pp4Q1/5pP1/1P3P1P/2R3K1 w - - 2 33,c1c7 h7b1 c7c1 b1c1
5r2/pR6/6kp/8/4p1P1/P5K1/1P2r3/7R w - - 0 36,h1c1 f8f3 g3h4 e2h2
r5k1/1p1q3p/2p1pQpB/p3P3/Pn6/5RP1/6KP/8 b - - 3 30,b4d5 f6f8 a8f8 f3f8
5q2/p2k2bQ/2p1RBp1/3p2N1/3P4/8/P1r2PPP/R5K1 w - - 1 27,f6g7 f8f2 g1h1 f2g2
6k1/p1pq1r1p/1pQ1N3/1P1P2p1/P5b1/4n1P1/7P/2R3K1 b - - 1 30,d7d5 c6e8 f7f8 e8f8
4r1k1/1p2rp1p/pq4p1/3N1nN1/4Q3/1PP2n2/P4PPP/R3R1K1 w - - 7 25,e4f3 e7e1 a1e1 e8e1
r1br1b1k/4pP1p/n3P1p1/p1p5/4NB2/PB2KN2/2P4P/3R4 b - - 2 24,d8d1 f4e5 f8g7 f7f8q
1k1rr3/1p4pp/2p5/5P2/R2p1BP1/3K3P/1R6/3n4 b - - 8 37,b8c8 a4a8 c8d7 b2b7
1k1r1r2/p4Q2/2bp3p/2q3p1/2B5/2N5/PPP2PPP/R3R1K1 w - - 1 19,f7e6 c5f2 g1h1 f2g2
k1rr4/p5p1/2R5/5pp1/Q7/1P2q1P1/P5PP/2R3K1 w - - 0 30,g1h1 e3c1 c6c1 c8c1
1r4k1/pp2Q1pp/3N2r1/2p5/P4p1P/5qP1/5P2/4R1K1 b - - 0 32,f3d5 e7e8 b8e8 e1e8
8/3q1kn1/3p2p1/2pP1pQ1/8/2B3PP/2P4K/8 b - - 3 36,d7e8 g5f6 f7g8 f6g7
R7/3P1Kpk/2B4p/6bP/8/5p2/8/3r4 b - - 1 72,f3f2 c6e4 g7g6 h5g6
8/5p1k/1p4pp/p1b1P3/8/5NPq/3QR2P/7K w - - 2 41,d2d5 h3f1 f3g1 f1g1
r1b4k/5r2/p1n1pq2/np1p1P1Q/2p1P3/1BNP2R1/PPP3PP/R5K1 b - - 2 22,f7h7 h5e8 f6f8 e8f8
4r3/7k/p1nP4/1pP5/1P6/P1b2B2/3p1PPP/3R1K2 w - - 0 35,f3c6 e8e1 d1e1 d2e1q
r5r1/k1pQ2pp/p2p2p1/R2Pp3/1q6/3P3P/5PP1/2R3K1 b - - 0 30,b4a5 c1c7 a5c7 d7c7
7k/1p2r3/p1bq2rR/3p2Q1/6P1/8/PPP5/1K3R2 b - - 0 30,g6h6 f1f8 h8h7 g5g8
r5kr/1p1b2q1/3p2P1/2p1p2R/p3P3/1PPP4/P6Q/2K4R b - - 0 32,a4b3 h5h8 g7h8 h2h8
1rbr2k1/2qn1ppp/pp2pn2/6N1/P1pPB3/B1P1P3/2Q2PPP/2R2RK1 b - - 3 17,h7h6 e4h7 f6h7 c2h7
r2r2k1/1R1q1ppb/3B3p/P2Q4/8/3P4/5PPP/5RK1 b - - 0 25,d7d6 d5f7 g8h8 f7g7
8/8/2P5/6p1/2R5/1P3k1P/r7/5K2 w - - 0 46,b3b4 a2a1 c4c1 a1c1
1r1q1Nk1/pp2bpp1/2p1p2p/8/3P4/3QPNn1/PP3PPP/R3K2R b KQ - 0 15,g3h1 d3h7 g8f8 h7h8
2rb4/1QPb1pkp/3q2p1/3P1p2/8/4PN1P/5PP1/2R3K1 w - - 1 32,c7d8q c8c1 f3e1 c1e1
Q1bqkb1r/p3nppp/4p3/1p2P3/2pn4/2N5/1P3PPP/R1B1KBNR w KQk - 0 10,a1a7 d4c2 e1e2 d8d3
r1n2rk1/6b1/pp1p4/P1nPpBRp/2P1P2q/2NQ4/3B1p1P/6RK b - - 1 30,c5d3 g5g7 g8h8 g7h7
r2qkbnr/pppn1ppp/3p4/4p1Nb/2B1P3/2N4P/PPPP1PP1/R1BQK2R b KQkq - 4 6,h5d1 c4f7 e8e7 c3d5
3q2k1/5ppp/p3p3/3r2PP/1Pp2Q2/2P5/6P1/5R1K b - - 4 33,d8g5 f4f7 g8h8 f7e8
2R5/3q1p1k/6p1/8/1P3P2/r3Q1Pp/6bP/2R3K1 w - - 0 33,e3a3 d7d4 a3e3 d4e3
6r1/p1p4k/8/3qpp2/2R4P/2Q1P1P1/Pr3PK1/5R2 w - - 0 31,g2g1 g8g3 f2g3 d5g2
6k1/p4p1p/r5p1/8/8/2Q3PP/P4q2/4R2K b - - 1 33,h7h5 e1e8 g8h7 c3h8
8/6R1/1n1N1p2/1p5p/3P3k/Pp3P2/r6P/6K1 b - - 1 36,b3b2 d6f5 h4h3 g7g3
2kr3r/ppp2ppp/2B5/8/8/2NqPQP1/PP3PP1/R4K1R w - - 3 17,c3e2 d3d1 a1d1 d8d1
r1b1k2r/pp1p1pb1/2n1p1p1/6Bp/1qB1N2P/2P2Q2/PP3PP1/R3K2R b KQkq - 0 14,b4b2 e4d6 e8f8 f3f7
2r3k1/5pp1/4pn1p/3p3P/1P1Q2P1/rN1qPP2/KB6/6RR w - - 0 27,a2a3 c8a8 d4a7 a8a7
r4rk1/pp3ppp/5n2/8/1n1N4/q1NP4/2bBQ1PP/1K1R1B1R w - - 0 18,d4c2 a3b3 b1a1 b4c2
1r6/1p3pp1/p3k2p/3rpb2/3P4/4BP2/PP4PP/2KR3R w - - 0 21,h1e1 b8c8 c1d2 c8c2
4k2r/1p1n1ppp/3Qp3/2q3B1/8/8/PPr2PPP/R4RK1 w k - 2 17,f1d1 c5f2 g1h1 f2g2
r3r2k/2p4b/p6R/b4P2/2pqP3/P1N5/1P4Q1/1K4R1 b - - 0 32,e8g8 h6h7 h8h7 g2h2
4rrk1/3R1ppp/2p2b2/p5n1/N1B1q3/P3B1P1/2P1QP1P/3R2K1 w - - 3 23,c4d3 g5h3 g1f1 e4h1
7k/5Qp1/p3B2p/1p2b3/1P2Pp1q/P4R1P/2P3P1/3r2K1 w - - 3 34,g1h2 h4g3 f3g3 f4g3
r1b2rk1/ppp1Rppp/3p4/3P4/2P3q1/2Q5/PP3PPP/R1B3K1 w - - 0 15,e7c7 g4d1 c3e1 d1e1
1k1r3r/1q4pp/1QN1pp2/1p1p4/3P4/3PP1P1/1P3PP1/6K1 b - - 4 26,b8a8 b6a5 b7a6 a5a6
8/1ppqRkpp/p4B2/3p1p1P/2nP1n2/P1r5/B1P3Q1/7K b - - 3 33,d7e7 g2g7 f7e6 g7e7
3R1rk1/2r2p1p/5Qp1/4p3/4P3/1Pq2P2/P7/1K1R4 b - - 3 30,c7c6 d8f8 g8f8 d1d8
r2q1b1r/pp2kp2/4p2p/1B1pP1B1/4b2Q/8/PPP2PPP/R3K2R b KQ - 0 14,h6g5 h4g5 f7f6 g5f6
r2qkbnr/pp3pp1/3p3p/2p1N3/2BnPpb1/1PN5/PBPP2PP/R2Q1RK1 b kq - 5 9,g4d1 c4f7 e8e7 c3d5
1kb5/1p3pq1/4p3/2Qp4/1R6/8/P1P2PPP/R5K1 w - - 1 26,a2a4 g7a1 b4b1 a1b1
r1bq1rk1/ppp2p1N/2np1np1/8/5P2/1BP4R/P1Q3PP/RN4K1 b - - 0 19,f6h7 c2g6 g8h8 g6h7
4Q3/4N1pk/7p/1p2P3/5P2/p2P2KP/8/6q1 w - - 9 53,g3h4 g7g5 f4g5 g1g5
5k2/1pp2npQ/p4pB1/P1PP2p1/1P3b2/2B4P/4qPP1/6K1 w - - 3 30,g6f7 e2d1 c3e1 d1e1
1r4rk/4np2/2p2R1p/3p4/p2P2q1/P7/2B5/2K2R2 b - - 4 38,b8f8 f6h6 h8g7 h6h7
5r2/1q4pk/p3Q2p/1b2P3/5PR1/1P6/3r2PP/4R1K1 b - - 6 33,b5d7 e6g6 h7h8 g6g7
6rk/p2n3p/Pp1P4/1Np3q1/4Q3/6b1/1PP2P2/R4RK1 w - - 0 28,e4g2 g3h2 g1h2 g5g2
1Q6/p4Rbk/1p4pp/2p5/P3P3/1P1P4/2P3PP/3q2K1 w - - 1 31,f7f1 g7d4 g1h1 d1f1
6k1/5n1p/2rb2p1/4qp2/4p3/1BP5/PP2QPPP/3RR1K1 w - - 15 35,d1d4 e5h2 g1f1 h2h1
8/3pkp1p/1R2pn2/Q7/4b2P/P2r3K/8/5R2 w - - 3 27,h3h2 f6g4 h2g1 d3g3
7k/1p1qr2r/5Q2/p1p2P2/3pb3/2Pn3P/PP4R1/6RK b - - 0 32,e7g7 f6f8 g7g8 f8g8
k2r1r2/1pR4p/p2p1Pp1/3q4/8/4Q3/PP4PP/2R4K b - - 0 32,f8f6 c7c8 d8c8 c1c8
r2q2kr/pb4bp/2p2np1/6N1/8/4Q3/PPP2PPP/R4RK1 b - - 0 16,h7h6 e3e6 g8f8 e6f7
2r3k1/8/1p2Q1p1/p7/P7/2r2q1P/7K/6R1 b - - 0 43,g8h7 e6g6 h7h8 g6h6
8/4k1pp/p2bpp2/1p1bN3/3PnP2/P2KB1P1/1PB4P/8 w - - 0 30,e5f3 d5c4 d3e4 f6f5
r1b1k2r/pp1p1ppp/2n1p3/2b3B1/NqP1P1n1/5N2/PP3PPP/R2QKB1R w KQkq - 5 10,g5d2 c5f2 e1e2 b4c4
r2q2k1/1p1bb1pp/p3p3/3pPrN1/2nP1B1P/2N5/P1Q1KP2/R6R b - - 1 21,f5f4 c2h7 g8f8 h7h8
8/1R4R1/p2p4/k1pP4/P6P/1P1B4/2P1n3/1K2q3 w - - 3 43,b1b2 e1c1 b2a2 e2c3
r4rk1/1pqb1ppp/p2b1n2/2pPp3/4N3/3Q1N1P/PPB2PP1/1R2R1K1 b - - 3 19,c5c4 e4f6 g7f6 d3h7
1Q6/p4pkp/2p1p1p1/8/P7/4q1P1/3r2BP/2R2K2 w - - 2 32,b8f4 e3e2 f1g1 e2g2
r1b2b1r/ppq1kBp1/1npp2P1/8/4P1n1/1QN5/PPP3PP/R1B1K2R b KQ - 0 13,g4e5 c1g5 e7d7 b3e6
2r3k1/1pp1Rppp/1p1p1n2/5r2/3P4/P1P2P2/1P3PK1/4R3 b - - 7 26,f6d5 e7e8 c8e8 e1e8
5R2/r7/6k1/6p1/5p2/5P2/6PK/8 w - - 6 46,h2h3 a7h7 h3g4 h7h4
5b1k/p1p3pp/4Q3/3P4/5B2/3p4/PPq1B1PP/n3KR2 w - - 3 25,e2d3 f8b4 f4d2 c2d2
2kr2nr/ppp2ppp/3b4/4n3/4P2q/2N1BP2/PPP1QPBP/R4RK1 w - - 10 12,a1d1 e5f3 g2f3 h4h2
5r1k/5rp1/5bRR/p1p1p3/P1P1PQ2/1q5P/6P1/6K1 b - - 0 42,g7h6 f4h6 f7h7 h6f8
5r1k/pp5B/4p3/3p4/5q2/2P3R1/P1Q3PP/6K1 w - - 1 27,c2e2 f4c1 e2d1 c1d1
r5k1/p4ppp/3R4/8/8/P4P2/r5PP/3R2K1 b - - 0 23,a2a3 d6d8 a8d8 d1d8
5rk1/p2P1ppq/8/2Q2P2/2P5/1P3r2/P1KR4/8 b - - 0 36,f3f5 c5f8 g8f8 d7d8q
7k/p4Qpp/1p6/4P3/3P4/4qr2/PP5P/R1R4K b - - 0 28,f3f7 c1c8 f7f8 c8f8
1nkb1r2/Q1p5/1p3Rp1/4p1B1/2R1P3/2P5/P3NqBr/7K w - - 0 28,h1h2 f8h8 g5h6 h8h6
5r2/6pk/p2pQ3/4p1RP/4P2q/8/1KP5/5rR1 b - - 6 36,f1g1 e6g6 h7h8 g6g7
5k2/6p1/pN2R3/P4p1p/3r4/3n1PK1/P5PP/8 w - - 0 36,e6c6 h5h4 g3h3 d3f2
8/pp5p/8/5q2/2p5/6Pk/PPPBQ2P/7K w - - 1 32,e2c4 f5f3 h1g1 f3g2
r1b1k2r/ppppbppp/3q4/3P4/4N3/8/PPP1Q1PP/RN2R1K1 b kq - 7 15,d6d5 e4f6 g7f6 e2e7
3r4/4k3/1p3ppp/p1n5/P1R3P1/4pP2/3rN1PB/2R2K2 w - - 4 42,h2f4 d2d1 c1d1 d8d1
1q4k1/r1nQ2pp/5p2/3B4/3P4/1P6/5P2/4R2K b - - 4 30,c7d5 e1e8 b8e8 d7e8
7k/p5p1/3p4/3B2r1/3bPR2/5K2/P7/8 b - - 2 36,d4e5 f4h4 g5h5 h4h5
r5k1/1b1R1ppp/4pq2/7Q/p3P3/6N1/P1r2PPP/3R2K1 w - - 3 29,d7b7 f6f2 g1h1 f2g2
5r1k/6p1/7p/2pB4/8/2Pbq3/PQ4PP/2R4K w - - 4 27,c1g1 e3g1 h1g1 f8f1
6k1/ppp2r1p/7r/2Q3p1/2Nn3P/1P1P1pP1/P3Pq2/2R3RK w - - 0 27,c1f1 h6h4 g3h4 f2h4
5rk1/ppNPR1pp/8/2p2p2/2q5/8/PP3r1P/1K1R4 w - - 0 25,d7d8q c4c2 b1a1 c2b2
8/pb1nQN1k/1p4p1/3p4/3P1q2/7r/PPP1BP2/R5K1 w - - 4 31,e7d7 f4h2 g1f1 h2h1
5rk1/6pp/8/6QP/3Bp1P1/2P1Pr1K/q7/5R2 w - - 3 35,f1f3 f8f3 h3h4 a2f2
5rk1/1B3p1p/3Np1p1/4b2q/8/1Q2B3/P3RPPP/6K1 w - - 2 27,b3d3 h5h2 g1f1 h2h1
5r1k/p4N2/2p1RPQp/5n2/1P5P/8/5qPK/8 b - - 2 35,f8f7 e6e8 f7f8 e8f8
br3rk1/p1pN1ppp/8/2p5/6Q1/1P1Bq1PP/1PP4K/R5R1 w - - 0 21,d7f8 e3f2 g1g2 f2g2
